cisdot;q1;q2;q3;q4;q5;q6;q7;q8;q9;q10;q11;q12;q13;q14;q15;q16;q17;q18;q19;q20;q21;q22;q23;q24;q25;q26;q27;q28;q29;q30;q31;q32;q33;q34;q35;q36
1;5;7;6;6;3;5;4;5;4;3;3;2;2;3;3;2;2;1;4;4;2;2;4;3;4;4;2;7;7;7;5;7;7;6;9;3
2;5;7;6;6;5;5;6;6;4;2;2;2;1;2;4;2;2;1;4;4;1;2;3;3;4;3;3;7;7;7;7;7;6;7;4;6
3;6;6;6;6;4;5;2;4;2;2;2;2;3;4;2;2;4;4;4;4;1;2;4;3;3;4;4;7;7;7;6;7;4;6;5;7
4;3;7;7;4;2;5;4;4;3;2;2;3;3;3;4;4;1;4;4;4;2;1;4;3;2;3;4;7;7;7;4;6;4;5;4;7
5;5;7;7;5;4;6;6;6;4;3;2;3;3;3;3;2;1;4;3;3;1;2;4;3;4;2;4;7;7;7;7;7;3;5;4;7
6;5;7;6;5;5;6;5;6;4;3;3;3;2;3;3;1;3;4;4;4;2;1;4;3;4;4;4;7;7;7;6;7;9;5;4;7
7;6;7;6;5;5;6;5;6;5;2;2;3;1;3;2;3;2;3;4;4;2;1;4;3;3;4;3;7;7;7;6;7;5;5;4;7
8;6;7;6;5;3;5;3;5;3;2;2;2;3;1;4;3;3;4;4;3;6;2;4;4;4;1;2;7;7;7;7;7;4;5;4;7
9;7;7;7;4;1;6;4;6;6;4;3;4;3;4;2;4;4;4;3;2;4;2;4;4;4;4;3;7;7;5;3;7;7;5;7;7
10;7;4;7;1;1;7;4;4;4;2;1;4;1;4;4;2;3;3;3;4;3;1;4;4;4;3;4;7;7;7;1;7;7;3;7;7
11;5;7;7;7;1;7;4;6;5;4;4;4;1;4;4;3;3;3;3;4;2;2;4;4;4;4;4;7;6;7;3;6;7;7;1;7
12;7;4;5;2;1;6;4;6;6;3;3;3;1;4;3;4;4;3;3;2;3;2;4;4;4;4;4;7;7;4;2;6;7;5;3;7
13;5;6;7;5;1;6;4;6;5;4;2;3;2;4;2;4;3;3;3;3;2;2;4;4;4;3;4;7;7;4;4;4;6;7;7;7
14;4;4;7;7;1;4;4;4;4;4;4;4;2;4;4;4;4;4;3;4;4;1;4;4;4;4;4;7;6;6;6;9;9;9;7;6
15;6;7;7;6;4;6;4;6;6;4;2;3;1;3;3;3;4;3;3;3;2;2;4;4;4;3;3;7;7;7;4;6;5;6;4;7
16;7;6;7;7;1;7;4;5;5;3;3;3;2;4;2;4;4;2;3;3;3;1;4;4;4;4;3;7;7;7;3;5;4;5;6;7
17;3;7;7;1;4;6;4;6;4;2;3;4;4;2;4;4;4;9;4;4;1;5;4;4;4;4;4;7;4;6;7;7;7;7;7;7
18;1;0;1;4;4;1;4;1;4;4;4;4;3;4;4;4;4;4;4;4;1;3;4;4;4;4;4;7;7;7;7;7;7;7;7;7
19;7;7;7;4;4;7;1;4;2;4;4;4;3;0;3;3;4;4;4;4;1;3;4;4;4;4;4;7;7;7;4;4;7;7;7;7
20;7;7;7;7;4;7;7;7;7;3;4;4;2;4;4;2;2;2;4;4;2;3;4;3;1;1;1;7;7;7;7;7;7;7;7;7
21;4;7;7;4;4;7;4;4;4;2;2;4;2;4;2;2;2;2;4;4;1;3;4;3;4;4;4;7;7;7;7;7;7;7;7;7
22;7;5;7;3;4;4;4;5;5;2;4;4;3;3;2;2;2;3;4;4;2;1;4;3;4;4;4;7;3;7;9;0;7;9;7;7
23;4;7;7;2;2;4;7;4;2;4;4;4;4;4;4;2;4;4;4;4;1;2;3;3;3;3;4;7;7;7;7;4;7;7;7;7
24;6;7;7;6;5;7;5;6;3;4;4;4;2;3;2;2;4;4;4;4;1;5;4;4;4;4;4;7;4;4;6;5;7;4;7;7
25;6;6;6;3;3;5;4;4;4;2;2;2;4;4;4; ;4;4;4;4;6;3;4;4;4;4;0;6;6;6;5;6;6;5;5;6
26;3;6;5;2;2;3;2;4;3;2;2;2;3;4;4;4;4;4;4;4;7;4;4;4;4;4;4;6;6;5;4;4;6;4;4;7
27;6;6;6;4;3;5;4;4;4;2;3;3;3;4;4;4;4;4;4;4;6;2;4;4;4;4;4;6;6;5;5;5;5;5;4;7
28;4;6;6;4;4;5;4;5;5;2;2;2;4;4;4;4;4;4;4;4;7;2;4;4;4;4;4;6;6;5;4;5;9;5;9;6
29;6;7;7;5;5;6;4;6;5;3;3;3;3;4;4;2;4;2;4;4;5;2;2;4;4;4;4;6;6;6;5;5;6;5;4;7
30;4;5;5;3;3;4;3;4;3;2;2;2;4;4;4;4;4;4;4;4;7;3;4;4;4;4;4;6;6;6;5;6;4;4;4;6
31;4;5;5;3;1;4;3;4;3;3;3;3;3;4;4;4;4;4;4;4;7;3;4;4;4;4;4;6;6;9;9;9;5;5;9;6
32;5;5;5;4;3;4;3;4;3;2;2;2;4;4;4;4;4;4;4;4;7;2;4;4;4;4;4;6;6;5;5;6;4;4;4;6
33;6;5;6;4;2;6;4;5;5;2;1;2;2;4;4;4;4;4;3;3;3;3;4;4;2;4;3;7;5;6;6;6;3;5;4;7
34;6;5;5;4;3;2;2;6;6;2;1;1;4;9;4;4;9;4;4;4;4;2;4;4;4;3;4;6;6;6;5;5;2;3;2;6
35;5;5;5;4;2;3;1;4;4;9;2;2;2;4;4;4;4;4;3;3;5;2;4;3;4;2;2;7;6;7;6;6;3;3;1;7
36;7;6;5;5;4;5;4;6;5;2;2;3;3;4;3;3;3;4;3;4;4;2;4;4;2;3;3;6;6;6;6;5;5;5;6;6
37;2;6;2;3;2;2;3;6;5;3;3;2;3;3;3;3;3;3;3;3;7;4;4;4;4;1;2;5;5;6;5;6;3;4;3;3
38;6;6;7;6;5;6;6;7;7;2;2;2;2;3;3;3;4;4;4;3;6;4;4;4;4;3;3;6;7;6;6;5;5;6;7;7
39;3;5;3;3;3;3;3;3;3;3;3;2;1;3;2;3;3;4;3;3;6;3;3;4;1;3;3;7;6;5;5;5;4;4;5;7
40;7;7;7;7;4;7;5;7;7;1;1;2;1;4;3;1;4;4;3;2;6;5;3;3;4;2;1;7;7;7;7;7;5;6;6;7
41;5;5;7;1;2;4;3;5;5;9;9;9;2;4;4;2;2;1;9;9;7;1;3;3;4;4;4;7;6;5;4;9;7;1;9;7
42;7;7;7;3;1;2;3;5;4;9;9;4;4;4;4;9;4;3;3;9;2;3;4;3;1;4;4;7;6;4;2;5;7;1;9;7
43;5;9;6;1;1;3;9;7;4;0;9;9;2;9;4;0;9;0;4;9;7;1;4;4;4;4;4;6;6;9;0;9;7;9;5;7
44;5;7;7;1;1;4;5;4;4;4;4;4;3;4;4;3;3;9;4;4;2;4;4;2;4;4;4;7;6;4;1;5;6;1;4;7
45;6;7;7;3;1;4;4;5;4;4;4;4;2;4;4;3;1;3;4;9;4;5;4;3;4;4;4;7;7;5;3;4;6;1;4;7
46;7;7;7;2;2;3;3;2;2;9;4;4;3;4;4;2;3;2;4;4;1;2;3;3;4;3;3;7;7;7;5;6;6;2;2;7
47;6;7;7;3;4;4;2;3;3;9;3;4;4;4;3;2;2;4;9;9;2;3;4;2;2;3;4;7;7;6;6;7;7;1;4;7
48;6;7;7;2;2;4;4;4;4;4;4;4;3;4;4;3;3;3;9;4;2;3;4;4;4;4;4;7;5;6;5;6;6;4;9;7
49;1;5;7;3;6;4;2;6;5;2;4;0;2;4;4;4;4;4;4;4;2;9;4;4;2;4;4;7;0;4;9;9;5;5;7;6
50;2;7;6;1;1;2;1;4;5;2;3;3;3;4;4;4;4;4;4;4;4;1;4;4;4;3;4;7;7;5;9;9;9;9;6;7
51;5;5;7;3;2;5;4;5;5;2;4;3;2;4;4;3;4;3;4;4;2;4;4;4;2;4;4;7;7;5;5;5;6;9;6;7
52;4;7;6;3;1;5;3;6;6;2;3;9;9;4;4;4;4;4;4;4;2;9;4;4;4;4;4;7;7;6;9;4;7;6;6;7
53;4;7;6;5;4;5;4;4;4;2;3;3;1;3;3;2;2;3;3;3;1;3;3;3;1;1;1;7;6;6;6;6;6;3;3;7
54;3;6;6;4;3;5;3;4;4;9;3;4;1;3;4;9;9;4;4;4;2;4;4;4;4;4;4;7;6;5;5;6;5;2;5;7
55;6;7;7;3;3;6;4;6;6;9;4;4;2;4;4;4;4;4;4;4;1;2;4;4;1;3;9;7;7;4;9;5;5;5;7;7
56;7;7;7;5;4;6;3;6;6;2;4;2;1;9;4;4;4;4;4;3;2;4;4;4;4;1;9;7;7;5;5;6;5;4;6;7
57;6;6;5;6;6;6;5;5;5;2;2;2;3;3;3;4;4;4;4;4;1;1;3;4;4;4;4;2;2;2;2;5;5;5;4;5
58;6;6;5;5;5;6;5;5;5;2;2;2;2;3;3;4;4;3;3;4;2;1;3;4;4;4;4;5;6;5;5;6;6;5;5;5
59;6;5;6;5;5;5;6;5;5;2;2;2;2;3;4;4;4;3;3;4;1;1;4;3;2;4;4;6;5;5;6;5;5;5;5;5
60;5;6;5;5;6;5;5;6;5;3;3;3;2;2;3;3;2;2;3;3;1;1;4;3;4;4;4;6;5;6;6;5;5;6;5;5
61;5;5;6;5;6;6;5;5;5;2;2;2;4;4;3;4;4;3;4;3;1;1;4;4;4;4;4;6;5;5;5;5;5;6;3;5
62;6;5;5;6;6;5;6;5;6;2;2;2;3;3;2;3;3;2;2;3;2;2;3;3;4;4;4;3;3;3;2;6;5;5;6;6
63;5;4;4;5;5;5;4;5;5;2;2;2;3;3;4;4;3;4;3;3;2;1;4;4;4;4;4;6;6;5;6;5;5;6;5;6
64;6;6;6;5;5;5;5;6;5;9;2;2;3;4;3;3;2;2;3;3;3;1;4;3;4;4;4;6;5;5;5;5;6;6;5;5
65;6;6;6;5;2;2;2;2;2;9;9;9;9;9;9;9;9;9;9;9;5;9;4;3;4;4;4;4;4;4;4;4;4;4;4;4
66;6;6;6;6;4;5;3;5;1;9;9;9;4;4;4;4;4;4;4;4;5;3;4;4;4;3;4;4;4;4;4;5;5;2;9;6
67;4;4;4;4;4;4;4;4;4;4;4;4;4;4;4;4;4;4;4;4;1;2;4;4;4;4;4;4;4;4;4;4;4;4;4;4
68;1;1;1;5;1;7;9;7;7;9;9;2;1;4;4;4;1;4;4;4;2;3;4;4;1;4;4;6;5;5;5;5;9;4;5;7
69;5;5;5;5;3;5;5;5;5;4;4;4;4;4;4;3;3;4;4;4;6;3;4;9;4;4;4;7;7;7;7;7;7;7;5;7
70;1;1;7;6;1;7;5;7;7;2;2;2;4;4;4;4;4;4;3;4;7;1;4;4;1;4;4;4;4;4;4;4;4;4;7;4
71;3;3;3;3;1;6;2;4;2;4;4;4;3;3;4;3;3;3;9;4;4;2;4;4;4;4;4;7;4;5;6;4;9;9;9;7
72;1;1;6;2;1;2;1;2;1;4;4;4;1;4;4;4;3;3;4;4;4;2;4;3;4;4;4;6;2;6;6;4;9;6;1;3
73;2;3;3;1;1;3;1;4;1;3;9;4;4;4;4;4;4;4;4;4;3;3;4;4;4;4;4;6;5;6;7;5;6;1;2;6
74;4;3;2;1;1;5;2;2;1;2;2;2;2;4;3;4;4;4;3;3;7;4;4;4;4;3;4;6;5;6;7;6;4;2;1;4
75;5;5;3;5;2;5;2;4;4;4;2;2;4;4;4;4;4;4;4;4;3;2;4;3;4;4;4;5;4;6;7;2;7;1;1;5
76;1;1;1;1;1;1;1;1;1;3;2;3;4;4;4;4;4;4;4;4;7;3;4;4;4;4;4;5;5;5;5;5;5;5;5;5
77;3;3;4;1;1;1;1;1;3;3;1;2;2;3;3;4;4;4;4;4;2;3;4;4;4;4;4;4;5;6;5;5;3;3;2;6
78;3;2;1;1;3;4;1;2;2;4;1;1;2;4;4;3;4;4;4;4;1;1;4;3;3;4;4;6;4;6;7;6;4;2;2;5
79;5;4;3;1;2;6;5;6;1;4;3;4;2;4;4;4;4;3;4;4;3;3;4;4;4;4;4;5;4;7;7;5;7;3;2;6
80;1;1;1;1;1;1;1;1;1;3;9;2;2;3;4;2;3;4;4;4;2;2;4;4;4;4;4;6;5;7;7;7;6;1;1;5
81;6;6;6;5;4;5;4;5;9;4;3;3;3;3;3;2;2;3;3;3;1;4;4;3;4;4;4;6;5;5;5;6;9;2;7;7
82;4;6;5;6;3;5;4;5;3;4;3;3;4;4;3;3;3;9;3;4;2;2;4;3;4;4;4;7;5;5;4;6;9;3;6;7
83;6;6;7;6;5;5;5;5;4;4;4;4;3;4;2;2;2;3;2;4;2;2;4;3;4;4;4;7;6;7;5;6;3;3;6;7
84;5;6;6;5;3;5;3;5;2;4;4;4;2;3;2;3;3;3;3;3;2;3;4;2;4;3;4;7;5;6;5;7;3;4;6;7
85;6;5;6;6;5;5;4;4;3;4;4;4;2;4;2;2;3;3;3;4;1;2;4;3;4;4;4;7;6;7;4;7;5;6;7;7
86;5;6;6;5;5;5;3;6;4;4;4;4;2;3;3;2;2;2;3;3;1;3;3;3;4;3;3;6;5;6;4;7;5;2;6;7
87;5;7;7;6;4;5;5;5;3;3;3;3;2;4;2;2;3;3;9;4;2;3;4;2;4;4;4;7;6;7;4;7;3;2;6;7
88;6;3;6;5;3;4;4;5;9;4;9;3;4;4;3;3;3;3;3;3;1;4;3;3;4;2;4;5;5;6;4;7;6;3;6;7
89;7;7;7;2;3;5;4;4;4;4;4;4;4;2;3;0;3;4;4;4;2;2;4;3;2;4;4;6;5;5;4;5;5;5;9;7
90;6;7;7;4;3;5;4;5;4;3;3;3;3;2;9;3;2;4;3;4;5;5;4;3;2;4;4;6;4;5;5;5;4;9;9;7
91;6;7;7;4;4;5;5;4;3;4;4;4;4;3;3;4;3;3;4;4;4;3;4;4;4;1;9;5;9;5;5;6;9;5;9;7
92;7;7;7;2;3;5;5;6;6;4;9;4;3;2;2;2;1;3;3;4;7;2;4;3;1;1;9;6;3;5;4;5;4;4;9;7
93;7;7;7;2;9;5;6;4;4;3;9;3;3;2;4;4;2;0;3;4;3;1;4;3;2;4;4;5;5;6;4;7;9;4;9;7
94;1;0;0;1;1;7;0;0;0;4;4;3;1;3;9;0;3;9;4;3;1;2;3;2;4;1;3;7;7;7;7;9;9;1;7;7
95;5;6;7;5;4;5;4;5;3;4;9;3;1;2;3;2;2;3;4;0;2;2;4;3;4;3;3;6;7;6;5;7;6;6;6;7
96;9;0;0;1;1;1;1;1;1;3;3;3;3;9;9;9;9;9;4;3;4;1;4;4;4;1;0;4;4;9;9;9;9;9;9;7
97;6;7;7;5;6;6;6;6;4;4;4;3;1;1;3;2;1;0;2;4;1;3;4;3;4;4;4;6;2;6;4;7;7;6;6;7
98;7;7;7;1;1;7;9;0;1;4;4;4;2;9;3;2;9;9;4;4;1;1;3;3;4;4;9;4;4;4;4;4;9;9;9;7
99;7;7;7;9;4;7;9;7;9;4;4;4;2;4;3;2;3;3;9;4;1;1;3;3;1;4;9;7;7;7;9;9;9;9;9;7
100;2;6;4;2;1;3;4;5;4;4;4;3;1;4;3;4;4;2;4;3;6;2;4;4;4;1;4;7;6;7;5;6;5;5;7;2
101;4;6;5;1;1;5;4;5;4;3;4;3;2;4;3;3;2;4;4;4;5;2;4;4;4;3;4;7;3;3;4;4;4;2;7;6
102;5;6;7;7;4;5;5;6;4;3;3;3;2;4;4;3;3;3;4;3;4;2;4;3;1;3;4;7;6;6;6;5;6;7;6;7
103;7;6;7;6;6;6;7;7;6;3;3;3;2;3;3;3;2;3;3;3;6;1;4;3;1;4;4;7;4;6;6;6;6;4;3;7
104;5;7;7;4;5;4;6;6;5;4;4;4;4;4;4;3;3;3;4;3;6;2;4;2;2;4;3;5;4;5;4;4;4;5;4;6
105;6;6;6;2;1;5;3;6;5;4;3;3;1;3;4;3;3;3;4;2;6;3;4;4;2;4;4;7;6;6;4;5;2;3;1;7
106;5;4;6;5;3;4;3;5;6;4;4;4;2;4;4;3;3;4;3;3;5;2;4;3;1;4;4;7;7;7;6;6;5;5;6;7
107;4;7;5;4;3;4;5;5;3;2;9;3;4;3;4;4;4;4;4;4;6;1;4;3;1;4;4;7;5;7;7;5;6;6;4;7
108;7;6;6;4;5;6;6;5;4;4;2;2;1;4;3;3;2;3;3;4;2;1;4;4;1;2;4;7;5;6;6;3;6;4;4;7
109;4;6;6;4;3;4;4;5;5;4;3;3;2;3;4;4;4;4;4;0;1;3;4;3;3;3;4;6;4;5;4;5;6;6;5;7
110;1;7;7;7;7;7;1;6;6;9;9;4;2;2;2;2;2;3;3;4;1;3;3;3;4;4;4;7;7;7;7;6;7;7;9;7
111;1;1;1;1;1;1;1;1;1;1;1;1;2;1;1;1;1;1;1;1;1;1;1;1;1;1;1;1;1;1;1;1;1;1;1;1
112;7;7;7;7;9;9;0;7;6;9;4;4;2;3;3;4;3;3;2;1;1;4;4;4;4;4;4;7;7;7;7;7;7;7;6;7
113;7;7;7;7;7;7;1;7;7;4;4;4;2;2;2;2;2;3;3;1;1;3;3;4;4;2;2;7;7;7;6;7;7;7;1;7
114;7;7;7;7;1;4;3;1;1;3;4;4;1;3;9;9;4;4;4;4;2;3;4;4;4;3;2;7;6;7;7;7;7;1;7;7
115;7;7;7;7;7;7;9;7;9;2;2;2;3;3;2;2;2;4;4;4;7;3;4;3;4;4;4;7;7;7;7;7;0;0;9;7
116;7;7;7;7;4;3;1;7;9;2;2;2;4;4;4;4;3;3;3;3;0;4;4;3;4;4;4;7;7;7;9;9;9;9;0;7
117;7;7;7;9;9;7;6;7;7;2;2;2;2;3;1;3;3;3;3;1;2;3;4;4;4;4;4;7;7;7;7;0;7;0;1;7
118;5;7;7;5;1;5;3;6;6;4;2;4;1;3;2;3;3;3;4;4;4;4;4;4;2;2;4;7;7;7;7;6;6;6;6;7
119;7;7;7;7;7;7;9;7;7;3;1;4;3;9;3;3;3;3;4;3;3;4;4;4;2;1;4;7;5;6;7;7;5;2;7;7
120;6;7;7;5;5;6;4;6;6;3;3;3;1;3;3;3;3;3;3;3;6;5;4;4;1;1;1;7;5;7;7;6;7;4;5;7
121;7;5;7;5;4;5;2;7;7;3;2;3;2;4;2;3;3;4;4;4;3;3;4;4;1;4;3;7;7;6;6;6;6;5;4;7
122;4;4;5;2;2;4;3;6;6;4;2;3;3;3;3;3;3;4;4;4;4;3;4;4;4;4;1;7;6;6;6;5;4;3;4;5
123;6;6;7;4;3;5;4;7;7;3;3;3;2;4;3;4;3;4;4;4;5;4;4;4;1;4;4;7;6;7;7;7;7;5;7;7
124;7;7;5;1;1;4;1;7;7;3;4;4;1;4;2;3;3;3;3;3;4;4;4;4;1;1;4;7;7;6;6;9;7;4;4;7
125;7;7;7;7;3;9;4;7;7;4;4;4;2;3;2;3;2;2;3;3;1;4;4;4;2;4;4;7;7;7;7;7;7;7;7;7
126;4;7;6;3;2;3;1;6;4;2;2;2;4;4;4;3;3;4;4;4;3;3;4;4;4;4;4;7;6;7;6;7;2;4;7;7
127;4;6;7;5;2;2;2;5;5;3;3;3;2;4;1;1;1;4;4;4;5;3;4;4;4;3;3;7;6;7;7;7;7;2;6;7
128;2;6;5;1;2;3;1;6;5;4;4;4;3;4;3;3;1;2;4;4;5;2;4;3;4;2;1;7;1;6;7;7;4;2;7;7
129;4;7;7;5;5;4;4;5;4;3;4;4;2;4;3;2;2;4;4;2;5;3;3;4;4;3;3;7;7;7;7;6;1;2;7;7
130;2;7;5;3;3;6;1;6;3;3;3;4;3;4;2;3;1;2;4;4;5;2;4;4;4;3;3;7;6;6;7;0;4;1;7;7
131;2;7;6;3;5;6;1;5;6;3;3;3;4;3;4;4;3;3;3;2;5;2;4;4;4;3;4;7;7;6;7;6;2;2;7;7
132;7;7;7;6;3;4;6;7;4;2;2;3;2;3;3;4;1;4;4;1;1;3;2;3;3;1;2;7;7;6;7;7;1;3;7;7
133;5;7;6;4;1;4;5;4;6;3;4;3;1;4;3;4;3;3;3;3;1;3;4;4;4;4;2;5;4;4;4;4;7;5;5;7
134;5;7;6;3;2;5;2;6;5;2;3;3;1;3;4;3;3;4;3;2;6;4;4;4;4;4;4;7;4;5;2;3;4;2;2;6
135;5;7;7;9;9;1;9;7;7;4;9;3;3;3;3;3;3;3;3;3;3;1;0;3;4;4;4;7;7;7;7;7;9;7;9;7
136;6;7;7;3;1;4;6;4;4;4;4;3;1;1;2;3;3;4;3;4;2;1;4;3;4;4;4;5;5;5;2;7;7;1;7;7
137;3;5;7;5;1;4;1;6;6;4;2;3;3;4;4;4;4;4;2;4;2;3;4;4;4;3;3;7;7;5;7;7;7;4;7;7
138;7;7;7;7;1;1;1;7;7;4;3;4;2;3;4;2;4;4;4;4;2;2;4;3;4;4;4;7;7;7;7;7;7;1;1;7
139;7;7;6;5;1;7;1;6;6;4;4;4;1;9;3;3;3;3;1;1;2;3;4;4;4;3;4;7;6;6;7;7;9;1;7;5
140;7;7;7;7;9;7;0;7;7;4;1;1;4;9;3;4;4;9;0;3;4;1;4;4;2;4;4;7;7;7;7;0;7;5;0;7
141;5;6;6;5;4;5;4;7;6;4;4;4;2;3;4;3;3;4;4;3;2;5;4;4;2;4;4;7;7;6;5;6;7;1;4;7
142;5;6;7;5;4;7;6;5;4;3;2;3;1;3;2;2;2;2;4;4;4;4;4;2;2;3;4;4;6;5;2;2;6;0;4;7
143;4;4;4;4;4;4;4;4;4;3;2;3;3;3;3;3;3;3;3;3;3;3;4;4;4;4;4;7;6;6;6;6;6;6;6;7
144;5;5;5;5;5;5;5;5;5;4;1;3;4;4;4;4;4;4;4;4;1;2;4;4;4;4;4;7;5;5;6;6;6;5;5;7
145;7;7;7;5;4;7;7;7;7;9;9;9;2;2;2;2;2;2;4;4;1;3;4;4;4;3;4;5;5;4;4;5;5;5;4;5
146;7;7;7;7;7;7;7;7;7;1;1;1;2;2;2;3;3;3;3;3;1;3;4;4;1;2;4;7;7;7;7;7;7;7;7;7
147;3;5;5;5;5;5;5;5;5;3;2;3;4;4;4;4;4;4;4;4;2;2;4;4;4;4;4;7;7;5;5;5;6;6;6;7
148;4;4;4;5;3;3;2;4;4;4;4;4;3;3;3;2;3;4;3;3;3;3;4;4;2;3;3;6;6;5;5;6;7;4;9;7
149;4;1;1;4;2;2;4;5;5;3;3;9;4;3;3;4;4;3;3;1;4;2;4;4;4;2;4;7;7;7;7;7;7;5;5;7
150;1;4;4;2;6;6;4;4;4;2;2;0;2;2;2;2;3;4;2;1;2;4;4;3;9;1;0;3;3;3;3;3;4;4;5;4
151;5;7;7;3;3;5;5;7;7;4;4;4;1;4;4;4;4;4;4;4;6;2;4;4;4;4;4;6;6;9;9;6;7;6;9;7
152;6;6;6;4;4;4;5;7;7;4;4;4;2;3;3;4;4;4;4;4;6;3;4;2;1;4;4;7;5;6;6;4;5;4;5;5
153;1;5;2;4;7;5;4;6;6;3;9;3;1;4;4;4;4;4;4;4;7;1;4;4;4;4;4;7;7;6;6;6;7;1;1;7
154;4;4;2;5;6;4;6;7;7;2;2;2;4;3;3;3;4;4;4;3;7;3;4;1;4;2;4;7;6;6;6;6;6;7;4;7
155;7;7;7;7;4;4;4;7;7;3;3;2;2;3;4;4;4;2;2;4;7;1;4;4;4;4;3;7;7;7;4;7;4;4;4;7
156;1;7;7;2;2;5;2;7;7;4;3;3;4;4;4;3;3;3;3;3;6;4;4;4;4;4;4;7;7;5;6;6;5;5;7;7
157;7;7;7;4;5;5;5;4;4;3;3;3;3;3;2;2;3;3;3;3;3;3;4;3;9;1;9;7;5;7;7;7;7;5;2;7
158;7;7;7;3;3;5;5;5;5;2;2;2;3;3;2;2;3;3;3;3;3;2;4;3;4;3;9;7;5;7;7;7;2;6;4;7
159;6;6;6;3;5;4;4;5;3;3;3;3;3;3;3;2;3;3;3;3;4;2;4;4;4;1;1;7;7;6;5;5;9;4;4;7
160;7;7;7;3;1;7;4;5;4;4;4;4;9.9;9;2;2;4;3;4;4;3;3;4;4;4;3;3;7;5;5;6;7;2;4;6;7
161;7;7;7;6;1;7;3;5;4;4;4;3;2;3;4;1;1;1;1;4;4;3;1;1;4;1;3;6;6;6;5;6;6;4;1;7
162;6;7;7;x;2;5;4;2;2;4;3;3;3;3;3;3;2;3;3;3;7;2;4;4;4;4;4;7;7;6;5;4;5;4;2;4
163;6;6;7;2;2;5;6;5;5;3;3;3;3;3;2;2;3;3;9;9;4;2;4;4;3;4;4;7;7;7;7;7;3;4;4;7
164;7;7;7;4;4;6;4;5;4;1;3;2;3;9;9;3;0;0;9;0;1;3;4;4;4;4;4;6;6;5;4;6;9;2;3;7
165;4;6;6;4;1;5;5;2;2;4;9;3;3;4;4;1;3;4;4;4;2;2;4;4;4;4;4;7;2;7;7;7;5;5;6;7
166;6;6;7;6;9;7;6;7;7;4;4;4;3;3;3;3;3;9;3;3;1;4;4;4;4;4;4;7;7;7;7;7;7;5;0;7
167;7;5;5;7;7;7;5;6;5;0;2;3;2;3;3;2;2;2;3;4;1;2;3;3;1;3;4;6;6;6;7;7;7;2;6;7
168;5;5;5;6;3;6;5;6;5;4;9;3;4;4;4;3;3;4;4;4;3;3;4;4;4;4;4;5;6;6;6;5;9;9;4;7
169;5;6;6;3;1;7;6;3;2;3;2;4;1;3;3;2;3;4;4;3;4;3;4;4;4;3;4;7;4;7;7;5;0;6;7;7
170;7;7;-1;6;1;7;1;3;1;4;4;4;2;4;4;4;4;4;4;4;2;2;4;4;4;4;4;7;6;7;6;4;7;3;6;7
171;7;7;5;5;2;6;5;5;4;3;3;3;4;4;4;3;2;4;4;4;1;2;4;4;3;3;4;7;7;5;7;6;4;5;6;7
172;7;5;5;4;5;7;4;2;2;2;1;1;3;4;3;2;3;4;4;4;2;1;4;4;2;4;4;7;4;7;7;5;0;1;7;7
173;3;7;7;1;1;7;1;7;4;3;9;4;1;4;4;4;4;4;4;4;2;3;4;4;4;4;4;7;7;7;7;7;7;7;7;7
174;5;6;7;6;4;6;4;7;6;9;9;9;3;9;9;9;3;4;4;4;2;3;4;3;4;3;4;7;6;6;7;7;7;6;4;7
175;4;5;5;7;3;6;3;6;6;4;9;4;2;4;2;2;4;4;4;4;1;3;4;3;1;1;4;6;7;7;7;7;9;5;7;7
176;7;7;7;5;5;7;5;6;5;4;4;4;1;4;2;2;9;1;3;3;1;2;4;3;4;3;4;7;7;7;5;7;7;5;0;7
177;7;7;7;6;4;7;6;7;7;4;4;4;2;4;4;4;4;3;4;2;2;2;4;3;4;4;4;7;7;7;7;7;5;6;7;7
178;7;7;7;7;5;7;5;7;5;3;3;4;1;9;4;9;4;1;4;4;6;5;4;4;4;4;4;7;7;6;7;7;7;6;4;7
179;4;5;6;4;4;7;4;6;6;4;4;4;1;9;4;4;9;9;4;4;2;1;4;3;1;4;4;7;7;5;7;7;6;9;0;7
180;7;7;7;6;7;7;7;7;5;3;2;3;1;3;1;1;1;1;2;4;1;2;2;3;1;3;1;7;6;7;7;7;6;2;4;7
181;3;7;7;3;1;5;4;4;3;4;4;4;4;4;4;4;4;2;4;4;2;2;4;4;4;4;1;5;5;6;4;6;7;4;9;7
182;2;7;7;3;2;6;6;6;4;4;2;4;2;1;4;4;4;4;4;4;2;1;4;3;4;1;3;6;6;5;9;4;7;7;9;7
183;5;6;7;3;2;5;3;5;5;4;4;9;4;4;4;4;4;2;4;4;1;2;3;3;4;4;3;7;5;5;6;5;6;6;5;7
184;7;6;6;5;1;5;3;5;5;4;4;1;4;4;4;4;4;2;4;4;1;2;4;4;3;4;3;7;5;5;4;5;7;5;5;7
185;3;6;7;5;2;4;3;5;4;3;3;3;3;3;4;4;3;3;4;4;1;5;4;4;4;3;4;7;7;7;5;7;6;5;5;7
186;7;7;7;5;4;7;5;7;7;3;2;3;1;4;4;4;4;1;4;4;1;2;4;1;4;1;4;7;7;7;7;7;7;7;4;7
187;6;6;5;6;3;5;5;6;6;4;1;2;1;3;3;4;3;4;4;4;2;4;4;4;4;1;1;7;6;7;7;7;7;3;7;7
188;7;7;7;7;7;7;4;7;7;4;3;4;3;3;4;3;3;4;4;4;2;4;4;2;4;4;4;7;7;5;4;6;7;4;4;7
189;2;2;3;3;2;4;4;4;3;3;4;3;4;4;4;9;9;4;4;4;7;2;4;4;4;4;4;4;9;5;4;3;5;4;5;5
190;4;5;7;2;9;9;4;6;9;4;4;4;2;9;9;4;4;4;9;9;2;1;4;3;4;4;4;7;7;7;7;7;7;7;7;7
191;7;5;7;2;9;5;2;3;9;4;4;4;3;9;9;0;4;4;4;4;6;1;4;3;4;4;3;7;7;5;6;7;7;6;6;7
192;4;4;5;5;7;4;6;6;5;3;4;4;3;3;4;4;4;4;3;4;4;3;4;4;4;4;4;5;5;5;5;5;5;4;5;5
193;3;3;5;3;5;5;4;4;4;4;4;4;3;3;3;3;3;4;4;4;6;1;4;4;4;4;4;6;7;6;6;5;6;6;5;6
194;6;5;6;5;5;6;6;6;5;4;4;4;4;4;4;3;4;4;4;4;4;1;4;4;1;4;4;7;7;5;4;5;6;5;6;6
195;2;4;1;3;6;4;4;9;9;9;4;4;4;4;4;4;4;4;4;4;1;1;3;3;2;4;4;7;7;0;5;7;7;9;7;7
196;2;4;6;1;1;1;2;4;3;4;3;4;2;4;2;2;4;9;9;9;3;1;4;4;4;4;4;7;7;5;5;6;6;9;7;7
197;6;5;6;7;7;4;5;7;7;4;4;4;2;1;3;3;1;1;1;1;2;3;4;1;1;4;4;7;7;6;6;7;7;7;1;7
198;5;3;1;4;4;2;3;6;5;4;4;4;3;3;2;3;2;3;3;3;5;2;4;3;4;4;4;6;5;7;6;7;5;6;3;7
199;5;7;6;4;7;2;4;5;5;4;4;3;2;3;3;1;1;2;1;3;2;3;1;3;4;4;4;6;4;7;6;6;7;7;2;7
200;4;5;3;5;4;3;4;5;4;3;4;3;1;1;2;1;2;4;2;4;2;3;3;3;4;4;4;7;3;7;5;6;7;7;4;6
201;7;2;1;7;6;3;1;4;2;4;2;2;1;3;2;1;1;2;1;1;3;4;4;3;4;1;3;7;5;6;6;5;7;4;2;7
202;3;2;5;7;5;3;1;3;2;4;1;1;1;2;1;1;1;3;2;1;2;4;4;3;4;1;1;7;2;7;4;7;5;4;5;6
203;4;7;7;3;2;7;3;2;1;4;4;4;4;4;4;4;4;4;4;4;2;1;4;3;4;4;4;7;7;7;7;7;7;7;7;7
204;7;7;7;7;4;7;4;7;4;4;4;4;1;4;4;4;4;1;4;4;2;5;4;3;1;4;4;7;7;7;7;7;7;7;7;7
205;6;7;7;5;3;4;1;5;4;4;4;3;2;4;3;4;3;3;3;3;4;3;4;4;2;3;4;4;4;4;2;7;1;1;7;7
206;5;7;7;4;1;4;1;2;2;4;4;4;2;4;4;4;3;4;4;4;2;4;4;3;4;4;4;7;4;4;3;5;7;4;4;7
207;1;5;5;1;1;1;1;1;1;3;2;4;4;4;3;4;3;4;3;4;2;2;4;3;4;3;4;7;7;1;4;7;4;4;7;7
208;7;7;7;6;7;6;7;6;5;3;4;4;2;3;3;3;3;4;3;4;5;4;2;4;4;3;4;7;7;7;7;7;4;4;1;7
209;3;6;7;4;1;5;1;7;4;3;3;3;4;4;4;4;2;3;3;4;6;2;4;4;1;4;4;7;4;4;3;7;7;1;7;7
210;4;5;6;4;2;3;1;2;1;4;4;4;3;4;4;4;3;4;4;4;5;2;4;4;2;4;4;7;4;4;1;5;7;4;5;5
211;4;5;5;3;2;4;3;3;3;3;3;3;3;3;2;3;2;2;3;3;4;4;4;4;4;3;4;7;4;2;7;7;4;1;1;7
212;4;5;6;6;1;6;1;3;1;4;4;4;3;4;3;3;3;3;4;4;1;2;4;4;2;4;4;7;1;5;4;3;5;5;1;7
213;7;7;7;7;3;7;7;7;7;4;4;4;2;4;4;2;2;2;4;4;1;4;3;3;4;3;4;7;7;7;4;7;7;4;7;7
214;6;6;4;3;3;4;3;4;5;3;3;3;3;3;3;3;3;4;2;3;5;4;4;4;2;1;2;6;6;7;5;6;7;5;4;6
215;4;5;5;4;3;4;3;4;4;4;3;4;2;3;3;4;2;4;3;2;4;3;4;4;2;2;4;3;2;4;6;4;6;3;3;6
216;2;6;6;5;5;5;3;5;4;3;3;3;1;2;3;3;2;3;2;2;4;4;4;2;2;4;4;7;4;6;5;6;5;4;4;7
217;1;3;4;3;1;4;1;4;3;4;4;4;1;3;3;4;2;4;3;3;4;3;4;4;2;4;4;4;2;4;3;4;7;4;4;7
218;1;3;4;1;2;5;1;5;3;3;4;4;2;4;4;4;2;4;4;4;4;3;4;3;2;3;4;6;2;5;6;6;7;5;5;5
219;1;4;5;3;2;2;1;4;3;4;3;9;1;3;3;4;3;4;3;4;5;3;4;3;2;4;4;6;3;4;3;4;6;3;6;7
220;7;6;7;6;7;6;4;5;5;4;4;4;1;3;3;1;1;2;3;3;2;4;4;3;2;1;3;6;7;5;6;6;5;5;4;7
221;6;6;6;3;4;6;2;6;5;4;3;3;1;2;3;3;1;4;4;3;3;3;4;3;2;4;4;7;4;4;5;7;6;3;3;7
222;7;7;7;6;5;6;6;6;5;4;4;4;4;4;4;4;4;4;4;4;5;2;4;3;4;4;3;7;7;7;6;6;5;6;6;7
223;7;7;7;6;6;6;6;7;5;4;4;4;4;4;4;4;4;4;4;4;4;2;4;3;3;4;3;7;7;6;6;6;0;6;9;7
224;7;7;7;7;5;6;6;6;4;4;4;4;4;3;4;3;4;4;4;4;4;1;4;3;3;4;3;7;6;6;6;6;5;5;5;7
225;7;7;7;6;5;6;6;6;4;4;4;4;4;4;4;4;4;4;4;4;4;3;4;3;3;4;3;7;7;7;6;7;5;6;6;7
226;7;7;7;6;5;5;6;6;4;4;4;4;3;3;3;3;3;2;3;3;3;2;3;3;4;3;3;7;6;6;5;5;5;6;6;7
227;7;7;7;6;5;6;7;7;5;4;4;4;3;3;3;3;3;4;4;4;3;2;4;3;4;4;4;7;7;7;6;7;9;5;5;7
228;7;7;7;6;4;6;6;7;5;4;4;4;4;4;3;3;3;4;4;4;5;2;4;3;3;4;3;7;6;7;6;7;0;9;9;7
229;6;7;7;6;5;6;6;6;5;4;4;3;4;3;4;4;3;4;4;4;6;2;4;4;4;4;4;7;7;7;6;7;9;9;9;7
230;5;2;2;6;5;4;6;5;4;3;3;4;2;1;4;3;3;2;2;3;2;3;3;1;2;4;3;3;6;7;6;5;4;6;5;4
231;6;3;2;1;4;3;2;4;3;2;2;2;2;3;4;2;2;2;3;4;4;2;3;4;4;2;2;6;5;6;6;7;6;5;4;7
232;6;3;2;7;5;6;5;4;3;3;3;2;2;4;3;2;3;3;2;4;2;3;3;4;2;4;3;6;4;7;5;3;3;4;7;5
233;2;3;1;4;3;5;2;2;4;2;3;2;3;2;1;3;3;4;3;2;6;1;3;1;4;3;3;6;6;4;7;6;5;2;3;4
234;2;1;4;5;5;3;3;6;6;4;3;2;2;3;3;4;3;4;2;3;5;2;2;4;2;4;4;7;4;6;6;7;6;5;6;6
235;5;3;2;5;4;3;2;4;3;4;2;3;1;4;4;2;3;4;4;3;2;3;4;4;2;2;4;6;6;4;3;3;6;4;5;4
236;6;4;3;6;6;5;4;9;7;2;2;4;3;4;4;3;4;3;2;3;2;3;3;2;4;3;3;6;4;6;7;5;4;5;6;4
237;6;4;3;6;5;6;4;7;6;4;4;4;4;4;4;3;4;3;4;3;5;3;4;4;3;2;3;5;6;4;7;5;3;4;3;2
238;7;7;7;7;4;7;6;7;7;3;3;3;1;2;2;4;4;1;4;1;2;3;4;3;4;4;4;7;6;6;6;7;4;1;6;7
239;6;6;6;3;1;6;2;6;3;9;9;9;2;1;4;4;4;4;4;4;1;3;4;4;4;4;4;7;6;6;7;7;9;0;7;7
240;3;5;6;2;1;5;3;6;5;2;2;2;1;1;4;4;4;1;4;1;1;4;4;4;4;4;4;7;7;5;5;7;5;1;5;7
241;6;6;6;6;7;7;7;7;7;4;4;4;1;1;1;4;1;1;4;4;1;2;4;1;4;4;4;7;7;7;7;7;7;1;7;7
242;1;6;7;2;1;6;2;5;4;3;3;3;1;1;2;1;1;1;1;1;1;5;4;3;4;4;1;7;6;6;7;6;4;2;7;7
243;7;7;7;7;7;7;3;7;7;3;3;3;2;2;2;4;1;1;4;4;2;4;4;4;4;4;4;7;7;7;7;7;3;1;7;7
244;4;4;4;1;1;7;4;6;4;9;9;9;1;4;4;4;4;1;4;4;2;4;4;4;4;4;4;7;6;6;4;7;4;1;6;7
245;1;0;6;1;1;6;1;6;2;1;1;1;4;4;4;4;4;4;4;4;6;4;4;4;4;4;2;7;7;4;4;9;9;9;7;7
246;6;9;9;2;1;6;1;6;2;9;9;9;4;4;4;4;4;4;4;4;2;4;4;4;4;4;4;1;1;1;1;1;1;1;7;7
247;7;7;7;5;1;7;4;6;6;2;2;2;2;4;4;4;4;2;4;1;2;4;4;4;4;4;4;7;7;5;7;7;3;1;5;7
248;7;7;7;1;1;7;1;7;3;2;2;2;4;4;4;4;4;4;4;4;2;4;4;2;4;4;4;7;7;1;9;7;9;1;6;7
249;5;7;7;7;4;6;4;2;6;4;3;2;3;2;4;3;3;4;3;3;2;1;4;2;4;4;4;7;7;5;4;5;5;1;1;7
250;3;3;6;4;2;5;3;6;6;4;3;3;2;4;4;2;2;4;4;4;7;2;3;3;3;4;3;7;6;6;6;6;7;6;6;7
251;2;7;7;3;3;6;3;5;5;4;3;4;1;3;3;3;3;4;4;4;7;5;4;4;4;4;4;7;7;7;5;6;7;3;7;7
252;6;6;7;6;3;6;5;5;5;4;4;4;2;3;4;1;2;4;4;1;2;5;4;4;4;3;4;7;5;7;5;7;7;4;6;7
253;2;7;7;2;1;5;2;4;3;4;4;4;4;4;4;4;4;4;4;4;7;4;4;4;4;4;4;6;3;6;6;6;7;3;7;7
254;2;1;6;2;1;2;2;2;2;2;2;3;3;4;4;4;4;4;4;4;5;4;4;4;4;4;4;6;6;6;5;6;6;5;6;7
255;5;6;7;5;2;5;2;4;4;4;4;4;1;4;4;4;4;4;4;4;2;4;4;4;4;4;4;7;7;7;4;5;7;4;7;7
256;1;1;3;1;1;3;1;2;2;4;2;3;4;4;4;4;4;4;4;4;6;4;4;4;4;3;3;7;7;7;5;6;7;6;7;7
257;1;1;7;3;3;5;3;5;6;4;3;4;2;4;2;2;2;2;4;4;7;2;3;4;4;4;4;7;7;7;5;5;7;5;6;7
258;6;6;6;6;6;6;6;7;7;3;3;3;2;4;4;4;4;3;3;4;7;1;4;4;4;4;4;7;7;7;6;6;4;4;6;7
259;6;6;6;3;3;4;3;5;5;3;2;3;1;4;4;4;4;4;3;3;7;3;4;4;4;4;4;7;7;7;6;6;4;4;6;7
260;6;6;6;2;5;5;5;4;4;3;3;2;2;3;4;4;4;4;4;4;7;4;4;4;4;4;4;6;6;6;6;5;5;5;5;5
261;5;6;6;6;6;6;4;4;4;3;3;3;1;1;4;4;4;4;4;4;7;3;4;4;4;4;4;6;7;6;6;6;6;4;6;5
262;6;6;6;6;6;6;5;4;4;3;3;3;2;4;4;4;4;4;4;4;6;2;4;4;4;4;4;7;7;7;7;7;7;7;6;4
263;6;6;6;6;6;5;5;5;5;3;4;3;4;4;4;4;3;3;3;3;7;3;4;4;4;4;4;7;7;7;7;5;5;5;5;5
264;6;6;6;5;5;5;4;6;6;3;3;3;4;4;4;4;4;4;4;3;6;4;4;4;4;4;4;7;7;7;7;7;5;5;5;5
265;4;7;7;3;3;6;3;7;7;3;3;3;3;4;4;4;4;4;3;3;7;3;4;4;4;4;4;7;7;7;6;6;6;5;6;7
266;6;7;6;5;2;4;5;6;6;3;4;4;1;1;3;3;3;3;3;1;1;3;4;4;2;2;4;7;6;7;2;7;3;2;7;7
267;4;6;4;3;5;6;5;4;6;3;3;4;3;4;3;4;2;4;3;4;7;9;4;4;4;4;4;3;5;4;5;6;4;7;5;5
268;4;6;5;6;4;3;3;4;6;9;4;4;4;9;4;4;3;0;9;3;2;4;4;3;4;4;4;6;5;4;9;6;4;3;1;4
269;3;4;7;5;4;6;5;2;5;3;9;3;3;4;3;4;2;3;4;9;3;5;4;3;4;4;3;4;5;3;5;6;5;4;3;5
270;5;4;2;3;5;4;3;4;1;3;3;4;3;4;4;4;3;2;3;4;7;3;4;4;4;4;4;3;4;1;2;4;3;3;5;4
271;2;4;3;9;7;5;4;4;3;2;3;2;3;2;1;4;3;4;2;0;7;9;3;2;4;0;0;4;5;3;5;2;1;1;6;7
272;5;3;1;4;6;3;5;7;5;4;4;4;2;4;4;4;4;4;4;4;7;9;3;4;4;4;4;5;4;7;4;6;7;4;6;2
273;6;4;5;3;4;6;2;4;3;4;4;4;2;4;4;4;9;4;4;4;9;9;4;4;4;4;4;6;4;6;4;7;3;5;6;7
274;3;4;4;3;3;5;4;5;4;4;4;4;3;4;2;4;4;4;4;9;4;5;4;4;4;4;4;7;6;6;4;4;4;5;2;7
275;7;7;7;7;7;7;6;7;7;4;4;4;2;4;4;2;3;4;2;2;2;3;3;3;2;1;2;7;7;7;4;3;6;1;1;7
276;5;4;4;5;6;4;6;5;0;4;4;4;2;2;4;2;2;3;4;4;3;2;4;4;4;1;2;7;6;7;7;5;6;3;5;7
277;3;3;3;3;3;7;2;6;5;3;4;4;9;9;4;4;4;9;4;4;2;1;4;4;2;4;4;7;6;4;4;4;5;5;4;7
278;5;4;5;5;6;6;4;6;5;4;4;4;3;4;2;3;9;9;3;3;3;4;4;2;4;4;4;7;5;6;6;7;6;5;4;6
279;5;5;4;6;6;5;5;6;5;4;4;4;2;4;4;2;3;2;4;3;1;2;2;4;4;3;3;7;7;5;5;6;7;1;5;7
280;6;5;5;5;6;7;4;7;6;4;4;4;2;3;2;2;3;4;3;3;1;5;3;2;4;1;4;7;6;6;3;5;5;4;4;7
281;1;6;7;1;1;5;2;4;3;4;4;4;1;4;2;4;4;4;4;4;2;3;4;3;4;3;3;6;6;4;6;7;3;4;7;7
282;4;7;7;6;5;7;3;6;5;4;4;4;1;3;3;3;3;4;4;3;2;2;4;4;4;3;3;7;5;7;7;7;6;4;5;7
283;4;6;7;5;2;6;1;7;5;4;4;3;2;4;4;2;3;4;4;9;1;1;4;3;3;3;3;7;5;6;5;6;5;4;7;7
284;1;3;6;2;1;5;2;6;4;4;3;3;1;3;2;2;3;4;4;3;2;3;4;4;4;1;2;6;6;6;7;7;4;3;7;7
285;1;7;7;6;4;5;4;6;5;4;4;4;1;4;4;4;3;4;4;4;2;2;4;4;4;4;4;7;7;6;7;7;5;4;6;7
286;1;7;7;5;5;6;2;5;4;4;4;4;1;4;3;3;3;4;3;3;1;3;4;2;4;1;4;7;5;6;7;6;7;5;7;7
287;1;4;7;3;1;6;4;6;5;4;4;4;1;3;3;3;3;4;3;3;2;4;4;4;4;3;3;7;7;7;5;7;6;5;7;7
288;1;3;6;5;4;7;5;6;4;4;4;4;1;3;2;2;2;3;3;2;1;2;4;4;4;1;1;7;7;7;6;7;7;7;7;7
289;6;7;7;5;1;7;4;4;4;3;2;4;1;4;4;4;3;4;4;4;5;3;4;4;4;4;4;7;7;4;5;7;5;6;7;7
290;6;7;7;2;2;7;6;7;7;3;3;3;1;9;4;4;4;4;4;4;6;2;4;4;4;4;4;7;7;7;7;7;7;7;7;7
291;5;7;7;5;2;7;5;7;7;4;4;4;2;4;4;4;4;4;4;4;2;3;3;3;4;4;4;7;6;7;7;7;4;5;5;7
292;7;7;7;7;6;7;6;7;7;3;4;4;1;4;4;2;4;4;4;4;1;1;4;4;4;4;3;7;7;7;7;7;2;7;4;7
293;6;6;6;5;7;6;4;7;7;3;3;3;1;4;4;1;3;4;3;4;2;4;4;4;4;1;4;7;6;6;5;7;4;6;7;7
294;5;4;4;3;4;3;5;3;3;4;4;4;2;4;4;4;4;4;4;4;3;4;4;4;4;4;4;7;7;4;5;9;9;4;6;7
295;3;3;4;3;3;4;3;3;3;4;4;3;2;0;4;4;4;4;4;4;2;3;4;4;4;4;4;7;7;6;7;7;0;9;6;7
296;4;7;7;3;2;6;9;6;6;2;3;2;2;4;2;2;3;3;4;4;6;1;4;3;2;4;4;5;5;9;7;7;6;9;3;6
297;2;0;0;1;0;9;0;9;9;9;9;9;4;0;0;9;9;0;0;0;6;3;4;4;4;4;4;6;9;9;5;9;0;0;6;7
298;5;9;6;4;2;5;0;5;9;4;4;4;4;4;2;2;2;4;4;4;4;1;4;4;2;4;4;7;5;6;9;6;0;3;4;7
299;5;6;6;3;3;4;0;6;0;0;3;3;4;4;4;2;3;0;4;4;5;2;3;3;2;4;4;6;5;7;4;6;7;0;9;7
300;4;7;7;5;5;5;5;4;4;3;4;3;3;3;3;2;1;3;3;3;2;3;4;4;4;4;4;5;9;6;4;5;3;0;3;2
301;3;5;5;3;2;3;4;6;5;4;4;4;2;4;3;3;3;3;4;3;5;4;4;2;4;4;4;4;9;9;4;9;6;9;4;5
302;3;2;3;2;2;6;5;5;4;9;9;9;3;3;2;1;2;3;3;3;6;2;4;4;4;4;4;6;4;5;6;7;9;9;2;6
303;6;5;6;6;5;5;4;5;5;4;4;4;4;4;4;2;2;4;4;4;2;2;3;3;2;4;4;4;3;5;4;5;4;3;5;6
304;7;7;5;3;4;5;5;5;4;4;3;4;2;3;2;1;3;3;3;3;2;1;4;3;4;4;4;7;7;6;7;6;7;7;7;7
305;5;9;6;6;2;7;4;4;4;2;4;4;9;3;4;4;3;4;4;4;5;3;4;4;4;4;4;5;5;6;5;6;4;3;7;7
306;2;7;7;3;1;6;3;6;5;4;4;4;2;4;2;4;4;4;4;4;2;2;4;4;4;2;9;5;7;4;5;7;9;1;1;7
307;7;7;7;4;1;4;5;5;4;2;3;4;4;4;4;2;4;4;4;4;1;3;4;3;4;4;3;4;7;1;2;4;6;5;5;7
308;4;7;7;4;4;6;4;5;4;9;9;9;3;4;9;4;4;9;4;4;1;1;4;4;4;4;4;7;7;4;9;9;4;3;5;7
309;7;7;7;5;5;6;5;6;3;4;2;2;1;2;3;3;3;3;4;3;2;2;4;3;4;3;3;7;0;7;7;7;4;4;5;7
310;7;7;7;9;2;4;9;6;5;4;4;4;4;4;4;4;4;4;4;4;2;2;4;4;4;4;4;9;9;9;9;9;9;9;9;9
311;2;5;4;1;1;4;1;4;4;1;2;4;1;4;3;3;3;2;4;4;2;1;4;1;4;4;4;7;4;4;1;4;6;1;1;7
312;4;4;5;2;3;6;5;6;6;3;2;4;2;1;4;4;3;1;4;4;2;3;4;1;4;1;1;2;1;1;7;4;7;4;4;7
313;7;7;6;5;4;5;5;6;3;4;4;4;4;4;4;4;3;4;3;4;4;2;4;4;4;4;4;7;7;6;5;7;6;4;4;7
314;1;7;7;3;3;5;1;6;5;9;9;9;4;4;4;4;4;4;4;4;1;1;4;4;4;4;4;7;7;6;6;6;3;3;7;7
315;6;5;6;2;1;6;4;6;6;4;3;3;2;1;4;4;3;3;4;3;5;3;4;4;4;3;4;7;5;6;5;5;7;5;7;7
316;6;6;6;4;1;6;4;6;6;4;4;4;2;2;2;4;4;4;4;3;4;3;4;2;4;3;4;7;5;7;4;4;6;4;7;7
317;7;7;4;5;5;6;4;6;4;4;4;4;2;4;4;2;1;4;4;4;1;1;4;3;4;4;4;7;7;7;6;7;7;7;7;7
318;5;7;7;4;3;7;6;6;6;3;4;4;1;4;3;2;3;4;3;4;1;3;4;4;1;4;4;7;6;4;4;6;4;5;6;6
319;7;7;7;7;4;7;3;7;5;3;3;3;1;3;3;3;3;4;4;3;1;5;4;4;3;3;4;5;5;5;4;6;7;2;7;7
320;4;6;7;4;3;7;5;5;4;4;4;4;2;3;2;2;3;3;3;3;1;5;4;4;4;1;4;5;6;5;7;7;3;3;5;5
321;5;7;7;7;4;7;3;5;5;4;4;4;1;3;3;3;4;3;3;2;1;4;4;4;4;4;4;7;7;5;6;7;4;1;6;7
322;7;7;7;7;4;7;5;6;3;3;3;4;2;3;2;2;3;4;3;2;1;4;4;4;3;3;4;6;5;7;6;7;6;7;7;7
323;4;7;7;7;4;5;3;6;0;3;3;3;2;4;3;3;4;4;4;2;1;5;4;4;4;3;4;6;6;7;5;7;5;6;7;7
324;5;7;7;6;4;6;5;6;4;4;4;4;2;2;2;2;3;3;3;3;1;4;4;4;3;3;4;5;6;5;6;7;7;5;6;7
325;7;7;7;7;4;5;4;6;6;4;4;4;2;3;2;2;3;3;4;3;1;4;4;4;4;3;4;5;6;6;6;7;7;5;7;7
326;1;1;3;1;1;1;1;1;1;4;4;4;3;4;4;4;3;4;4;4;3;4;4;4;4;3;4;6;4;5;7;7;4;1;7;6
327;1;1;5;3;1;6;1;1;1;4;4;4;3;4;4;4;3;4;4;4;5;2;4;4;4;4;4;7;5;5;7;6;9;1;7;7
328;;6;6;2;1;5;1;3;3;4;4;4;3;3;4;4;3;4;4;3;6;4;4;4;4;4;4;7;5;5;7;6;9;1;7;7
329;3;7;7;3;1;4;1;1;1;4;4;4;3;4;4;4;3;4;4;4;5;1;4;3;4;4;4;7;5;5;5;7;9;1;5;7
330;1;2;4;2;1;6;1;3;3;4;4;4;3;4;4;4;3;4;4;4;6;4;4;4;4;4;4;6;5;5;7;6;4;1;7;6
331;4;1;4;4;1;4;1;2;1;4;4;4;3;4;4;3;3;4;4;4;2;1;4;3;4;3;4;7;5;5;7;5;9;1;7;7
332;2;1;3;2;1;4;1;1;1;4;4;4;3;4;4;4;3;4;4;4;3;4;4;4;4;4;4;6;5;5;7;5;9;1;7;5
333;4;4;4;4;1;6;1;2;2;4;4;4;3;3;4;3;3;3;4;4;3;1;4;3;4;4;4;7;7;7;7;7;9;9;7;7
334;6;5;5;3;3;5;5;5;5;3;4;4;3;4;4;4;4;4;4;4;2;4;4;4;4;4;4;3;4;4;3;4;4;3;3;3
335;7;7;7;7;7;7;7;7;7;4;4;4;4;4;4;4;4;4;4;4;2;2;4;4;4;4;4;7;7;7;7;7;7;7;7;7
336;7;7;7;4;1;4;1;4;4;4;4;4;3;4;4;4;4;4;4;4;1;3;4;4;4;4;4;7;7;7;4;4;7;1;1;7
337;7;6;6;4;1;4;4;4;4;4;3;3;3;3;3;3;3;3;3;3;2;3;4;4;4;4;4;7;7;7;5;5;6;1;1;7
338;7;7;7;7;1;1;1;4;4;4;4;4;4;4;4;4;4;4;4;4;1;2;4;4;4;4;4;7;7;7;7;7;7;7;7;7
339;4;4;4;4;4;4;4;4;4;4;4;4;4;4;4;1;4;4;4;4;2;3;4;4;4;4;4;4;4;4;4;4;4;4;4;4
340;6;6;6;4;1;4;1;5;5;4;4;4;4;4;4;4;4;4;4;4;1;3;4;4;4;4;4;7;7;4;4;4;7;4;4;4
341;7;7;7;7;7;7;7;7;7;4;4;4;4;4;4;4;4;4;4;4;1;2;4;4;4;4;4;7;7;7;7;7;7;7;7;7
342;4;7;7;5;5;5;4;5;5;4;4;4;3;3;3;3;3;3;3;3;2;1;4;4;4;4;4;4;7;7;7;5;4;3;5;7
343;5;7;7;5;1;5;4;4;4;4;4;4;3;3;3;3;3;3;3;3;2;2;4;4;4;4;4;7;4;4;4;7;7;5;5;7
344;4;7;7;4;1;5;2;2;2;4;4;4;2;3;3;4;3;4;3;3;2;1;4;4;4;4;4;7;4;4;4;5;7;1;5;7
345;4;7;7;4;5;7;7;4;4;4;4;4;3;3;3;3;3;4;4;3;2;1;4;4;4;4;4;7;4;7;4;7;7;4;5;7
346;4;6;6;3;1;7;5;4;2;4;4;4;3;3;3;3;3;3;3;3;2;2;4;4;4;4;4;6;2;6;4;7;7;4;5;7
347;4;5;7;3;2;5;4;4;4;4;4;4;2;3;3;4;3;4;3;3;2;2;4;4;4;4;4;7;4;5;5;7;7;3;4;7
348;5;7;7;5;1;5;3;4;4;4;4;4;4;4;4;4;4;4;4;4;2;1;4;4;4;4;4;7;3;6;6;5;7;4;4;7
349;1;7;7;2;1;5;4;3;2;4;4;4;3;3;3;4;4;4;4;3;2;2;4;4;4;4;4;6;2;6;4;7;7;2;5;7
350;4;1;1;3;4;5;3;5;5;4;3;3;3;3;2;;3;3;3;4;2;3;3;3;4;3;4;7;7;7;4;7;7;1;4;7
351;4;7;7;4;4;4;4;5;5;4;2;3;3;4;3;3;3;4;3;4;4;3;4;3;4;4;4;7;7;4;4;7;1;1;4;7
352;5;7;7;2;2;2;4;4;3;4;3;4;3;3;4;3;3;4;4;4;2;3;3;2;4;3;4;4;6;5;5;5;1;1;1;7
353;4;7;7;1;1;4;1;6;4;3;3;4;3;4;3;4;4;4;4;4;3;4;4;3;4;4;4;7;7;5;4;7;6;1;4;7
354;7;7;7;4;4;5;1;4;4;4;4;4;4;4;4;4;4;4;4;4;2;2;4;3;3;4;4;7;7;4;1;7;7;1;4;7
355;3;7;7;3;3;3;3;4;3;4;9;9;3;4;3;4;3;0;4;4;2;4;4;4;4;3;4;7;7;4;4;7;7;1;4;7
356;3;7;7;3;5;4;1;4;4;4;2;3;3;4;3;4;4;4;4;4;2;3;4;4;4;3;4;7;7;6;4;7;7;2;4;7
357;7;7;7;3;5;4;3;4;4;4;3;4;2;4;2;2;2;2;3;4;1;4;3;3;0;3;4;7;7;5;4;7;7;1;4;7
358;4;4;5;4;3;5;2;5;4;3;4;4;2;4;3;3;4;3;4;3;2;2;4;4;4;3;3;6;7;6;5;6;5;3;6;5
359;2;3;4;3;4;4;3;5;4;3;3;4;2;4;3;4;4;4;4;3;3;3;4;4;4;2;4;6;7;5;6;7;3;4;6;5
360;5;4;6;5;4;6;3;5;4;3;3;4;2;4;3;3;3;4;4;3;2;4;4;2;4;2;4;6;5;6;6;7;4;5;6;4
361;4;4;5;4;3;5;3;4;3;4;3;3;2;4;3;3;4;4;4;2;2;3;4;3;4;2;3;6;6;6;7;7;4;3;6;5
362;3;4;5;4;3;5;2;5;5;3;2;3;3;4;3;2;4;4;4;3;2;3;4;2;4;3;4;6;5;6;7;6;5;3;6;5
363;6;5;6;4;3;6;2;5;3;3;3;3;2;4;3;2;3;4;4;4;2;2;3;3;2;3;4;7;6;7;6;7;4;5;6;6
364;5;5;4;3;4;5;3;5;4;3;4;4;3;3;3;2;4;4;4;3;2;1;4;4;3;4;4;6;6;7;6;7;4;3;6;5
365;3;3;4;3;2;4;3;5;4;3;3;4;2;4;3;3;4;4;4;3;2;3;4;4;4;2;3;6;5;6;4;6;3;3;6;6
366;5;4;6;3;4;5;3;4;3;3;2;4;2;4;3;2;3;4;4;3;2;2;3;4;4;2;3;6;5;6;6;7;4;4;6;7
367;5;7;7;6;6;5;5;5;5;4;4;4;3;3;3;4;3;4;4;4;2;1;4;4;4;4;4;7;4;6;5;7;7;6;5;7
368;5;7;7;3;2;6;5;6;4;4;4;4;2;3;3;3;3;4;4;4;2;1;4;4;4;4;4;6;4;5;4;6;7;3;5;7
369;6;7;7;6;1;5;4;4;3;4;4;4;2;3;2;4;3;4;4;4;2;1;4;4;4;4;4;7;4;5;4;6;6;3;4;7
370;5;7;7;5;2;6;4;6;5;4;4;4;2;3;3;4;3;4;3;4;2;1;4;4;4;4;4;7;3;5;6;4;7;5;6;7
371;1;7;7;5;3;4;2;2;2;4;4;4;3;3;3;4;3;4;3;3;3;1;4;4;4;4;4;7;4;5;4;5;7;7;7;7
372;3;5;7;4;2;5;4;6;6;4;3;4;2;3;2;4;3;4;3;3;2;1;4;4;4;4;4;7;5;6;5;6;7;4;5;7
373;3;4;6;5;1;4;3;4;4;3;3;3;2;3;3;3;3;3;3;3;2;2;4;4;4;4;4;7;4;6;5;7;7;3;5;7
374;4;7;7;3;2;5;4;6;5;4;4;4;2;3;3;4;3;4;4;4;2;2;4;3;1;2;4;7;7;5;5;6;6;3;4;7
375;6;6;9;4;4;9;3;5;9;4;9;3;1;9;2;1;2;4;4;4;3;2;0;2;4;3;4;5;7;6;5;9;9;4;6;7
376;3;9;6;2;4;6;9;5;4;9;0;9;4;9;4;9;3;9;9;4;4;1;3;3;2;4;4;7;7;5;6;7;9;9;9;7
377;5;6;9;2;4;5;9;6;4;3;4;4;2;9;2;1;3;3;4;4;5;2;4;3;4;4;4;6;7;9;5;0;5;0;6;9
378;6;5;9;4;6;3;5;0;0;3;3;9;3;3;2;4;2;9;3;4;4;2;4;3;3;4;4;6;7;6;6;9;0;5;7;7
379;5;4;6;2;4;3;6;0;9;3;9;3;4;4;9;9;3;9;4;4;3;3;4;3;4;3;4;7;7;4;5;6;9;4;7;7
380;4;9;5;3;6;5;6;9;9;3;9;3;3;4;4;9;4;3;4;4;3;2;4;3;4;4;4;6;7;6;9;6;5;6;6;7
381;5;4;7;3;2;5;6;9;9;3;3;0;3;3;2;2;3;9;3;3;1;3;4;3;4;4;4;7;7;6;9;5;5;6;6;7
382;6;5;6;4;9;6;5;9;6;3;9;2;2;3;4;3;3;9;3;3;2;4;4;2;4;3;4;7;7;6;5;6;9;4;5;6
383;6;6;7;6;7;7;5;5;5;9;4;4;2;3;3;2;3;2;4;4;1;2;2;3;1;1;1;5;7;7;7;7;5;9;7;7
384;5;6;7;7;7;3;7;3;3;4;4;4;3;3;3;1;1;3;3;3;3;5;2;1;2;1;4;6;7;7;7;7;6;6;7;7
385;5;6;7;7;5;4;9;9;9;3;4;4;2;3;3;1;3;3;3;3;2;3;1;3;2;1;4;5;7;7;7;7;6;6;7;7
386;4;4;4;2;2;3;5;5;5;3;3;4;3;3;3;1;1;1;3;3;1;1;2;3;1;1;1;4;7;7;7;7;4;9;7;7
387;1;7;6;1;1;1;1;7;7;4;3;4;9;9;9;2;1;1;9;9;2;2;4;3;2;3;3;5;7;7;7;7;4;6;7;7
388;1;4;1;1;1;2;3;7;6;4;3;4;1;1;9;9;9;9;9;9;1;2;4;4;4;1;4;7;7;7;6;7;7;6;7;7
389;6;7;7;5;1;5;9;7;7;4;4;4;1;9;3;1;2;1;3;4;1;1;2;3;1;3;2;7;7;7;7;7;3;9;7;7
390;6;7;7;7;4;4;1;7;5;4;4;4;2;3;4;1;4;3;4;0;1;1;2;3;1;1;1;7;7;7;5;7;9;4;7;7
391;2;3;2;1;2;3;2;4;5;2;2;2;3;4;3;2;3;4;4;4;1;2;4;3;4;3;3;3;2;3;4;5;6;5;4;4
392;3;4;3;2;4;3;4;3;4;3;2;3;4;9;4;9;4;3;4;4;2;5;4;4;4;3;4;2;1;2;3;4;3;2;2;3
393;2;3;2;1;3;4;3;3;4;2;1;1;2;1;2;2;3;3;4;3;1;2;2;3;2;3;2;3;4;3;4;5;4;3;4;5
394;3;2;2;3;4;3;2;3;4;3;2;2;1;2;3;2;1;2;3;4;1;3;2;3;2;3;4;3;4;5;4;3;4;5;4;5
395;5;6;5;4;5;6;5;7;6;4;4;3;3;4;3;2;3;4;3;2;1;3;3;2;1;4;3;3;2;3;4;5;4;5;4;3
396;5;5;4;5;5;6;5;4;5;2;3;3;2;3;2;1;2;3;4;3;6;4;2;3;2;1;3;4;5;6;6;5;6;7;6;5
397;4;3;2;4;5;4;3;4;5;2;2;2;2;3;2;3;4;9;4;3;1;2;4;4;4;3;4;3;4;3;2;3;4;5;6;5
398;3;4;3;2;1;2;3;4;5;3;3;3;3;4;3;2;3;4;3;2;2;2;4;4;3;4;3;4;5;4;3;5;4;5;6;5
399;7;7;6;5;2;3;2;2;2;4;4;4;4;3;3;2;3;4;3;4;2;1;3;3;3;3;3;6;5;7;5;7;5;6;1;6
400;7;7;7;7;5;7;7;7;7;4;2;4;1;1;2;2;1;1;1;1;1;4;3;1;4;4;4;7;7;7;7;7;7;7;7;7
401;2;7;6;2;1;3;4;6;6;3;3;4;1;2;3;9;2;4;4;1;2;1;4;4;4;4;4;7;4;3;6;4;7;2;4;7
402;2;4;4;2;1;1;5;6;2;2;2;2;1;1;2;1;1;4;2;1;1;2;3;3;4;4;3;7;2;6;7;7;7;7;4;7
403;3;5;6;3;1;1;4;5;5;2;2;2;1;1;3;3;4;4;4;1;1;2;4;4;4;4;4;5;6;6;6;6;5;7;7;7
404;5;6;6;5;4;6;2;6;3;9;3;3;2;4;0;0;2;0;3;3;1;1;4;4;4;3;3;7;6;5;4;2;6;2;5;4
405;6;4;5;6;5;6;4;5;3;0;4;9;2;9;3;0;3;3;4;4;2;1;4;3;4;0;0;7;6;5;4;5;3;5;6;3
406;2;3;2;2;3;4;3;3;5;4;4;4;2;4;4;9;3;3;3;4;1;2;9;0;0;3;4;7;6;4;4;3;5;4;3;3
407;6;5;4;5;5;4;4;3;4;4;9;0;0;9;0;9;3;3;3;4;1;9;3;3;4;4;4;7;6;5;4;5;4;3;4;4
408;5;4;7;5;4;5;4;5;5;9;9;0;2;3;3;3;3;9;9;3;1;4;0;2;0;0;4;7;5;5;6;4;4;5;5;5
409;7;6;5;4;5;5;4;3;9;4;3;3;2;3;3;9;9;0;0;4;2;2;3;2;2;2;3;6;5;4;3;3;4;5;3;3
410;7;7;6;5;4;5;4;5;4;3;3;3;3;2;2;2;3;3;2;3;1;3;0;3;4;4;4;7;5;4;5;4;4;3;4;7
411;6;5;4;5;5;4;3;4;4;3;3;4;1;0;0;0;1;0;2;4;1;3;0;0;4;4;4;5;5;4;4;3;3;4;4;3
412;6;5;5;3;1;6;5;6;3;4;3;3;2;2;4;2;4;4;4;4;1;1;3;3;4;3;4;5;7;5;2;6;7;2;9;6
413;7;7;7;3;3;6;4;5;3;4;4;3;1;4;3;4;4;3;4;1;1;1;4;3;4;3;4;5;5;4;6;7;7;5;4;6
414;7;7;7;4;3;6;5;7;7;4;4;3;2;9;4;2;1;4;3;1;2;2;4;2;4;1;3;6;6;6;7;7;6;4;3;7
415;7;7;7;4;3;7;5;5;4;4;3;3;4;4;4;2;4;4;4;4;2;1;4;3;4;2;2;5;6;3;6;6;7;2;5;5
416;3;6;6;3;1;5;4;5;4;4;3;1;3;2;2;3;3;4;3;3;6;2;4;3;4;4;4;7;7;5;7;7;7;3;7;7
417;1;1;6;1;1;6;6;6;2;4;3;3;3;1;3;3;3;4;4;4;3;1;4;4;4;2;4;7;7;6;7;7;6;6;7;7
418;6;6;6;6;4;6;4;6;5;4;4;4;4;4;4;4;4;4;4;4;4;1;4;3;3;4;4;7;6;4;4;5;6;4;6;7
419;1;2;6;2;1;5;4;4;2;4;3;3;3;3;3;4;3;4;3;4;2;2;4;2;4;4;4;7;7;4;5;6;6;6;6;7
420;1;5;4;1;1;4;3;5;2;4;4;4;2;3;3;4;3;4;3;4;2;1;4;4;4;4;4;7;6;4;5;7;7;2;6;7
421;5;6;6;7;3;6;7;4;2;4;1;3;3;3;3;3;1;4;3;4;2;1;4;3;4;3;4;6;3;6;7;5;7;6;7;7
422;6;6;7;5;3;5;3;5;4;4;9;4;3;3;4;0;3;3;4;4;3;1;4;3;4;4;4;7;7;7;5;7;7;6;7;7
423;5;7;7;5;3;4;5;4;4;3;3;2;2;3;2;2;2;2;4;4;2;2;4;3;2;1;1;6;6;6;6;7;7;2;1;7
424;7;7;5;6;4;6;6;6;5;3;1;4;2;2;3;2;3;4;3;4;4;2;3;2;4;1;4;6;7;6;6;6;7;3;6;7
425;4;7;6;4;2;5;5;5;5;2;2;2;1;1;1;3;3;3;3;3;4;3;4;4;1;4;4;6;6;7;7;6;4;4;1;6
426;5;5;7;5;2;6;4;6;5;3;4;4;1;4;4;4;3;3;3;4;4;2;4;4;4;2;1;7;5;4;5;7;4;4;4;7
427;7;7;7;3;3;7;5;7;7;4;4;4;1;1;2;3;1;1;2;4;1;1;4;1;1;1;1;7;7;5;4;7;4;7;7;7
428;7;7;7;7;4;6;6;6;6;4;9;9;4;4;4;4;4;4;4;4;7;1;4;4;4;4;4;7;7;7;7;7;7;7;7;7
429;3;5;7;4;1;4;4;4;5;2;9;2;1;1;1;1;3;3;3;3;2;3;4;4;4;4;4;5;5;5;5;5;7;4;7;7
430;5;7;7;5;7;0;3;5;4;3;4;3;1;3;3;2;3;2;3;3;1;2;4;2;1;4;4;7;5;6;6;6;6;6;6;6
431;5;5;5;4;3;3;4;5;6;4;4;3;1;4;2;2;2;2;4;4;1;3;4;3;1;3;4;5;5;5;5;7;7;3;7;7
432;7;7;7;5;5;6;5;7;7;4;4;4;2;3;2;2;4;4;3;4;1;3;3;3;1;4;1;7;7;7;7;7;7;4;7;7
433;7;7;7;6;1;6;6;7;7;4;4;4;1;1;3;2;3;3;3;3;1;3;2;3;4;4;4;7;5;7;5;7;7;4;2;7
434;7;7;7;7;6;6;6;6;5;4;4;4;1;3;3;2;3;4;3;3;1;2;4;3;4;4;3;7;7;7;7;7;7;5;4;7
435;3;4;5;4;2;6;9;4;3;4;4;4;4;3;3;4;4;4;4;4;4;2;4;4;4;4;4;7;7;4;5;6;5;6;4;7
436;6;7;7;4;3;5;2;7;7;4;4;4;1;3;3;3;2;3;2;4;1;4;4;4;4;1;1;7;7;7;7;7;7;3;7;7
437;7;7;7;7;3;5;4;6;4;4;4;4;3;3;3;1;3;4;4;3;2;1;2;4;4;4;4;7;7;7;7;7;7;4;7;7
438;7;7;7;5;5;5;4;7;7;4;4;4;2;3;2;2;4;2;3;4;1;1;4;3;1;3;4;7;7;7;6;7;7;5;7;7
439;7;5;6;7;4;5;5;7;5;4;4;2;1;3;3;3;3;4;3;1;1;3;4;1;4;3;1;7;7;7;5;7;7;3;7;7
440;5;7;7;5;4;6;2;2;4;4;9;4;2;4;2;2;3;2;4;4;2;2;4;3;4;4;9;7;6;6;7;7;7;9;7;7
441;1;7;7;1;1;7;4;7;7;1;1;1;1;4;3;2;0;3;3;1;2;2;4;4;1;3;3;7;7;7;7;7;7;4;5;7
442;1;1;5;1;1;1;5;1;1;4;3;3;4;1;2;4;4;4;4;1;5;3;4;4;4;4;4;7;5;0;7;7;5;1;7;7
443;7;5;5;5;5;7;7;7;4;3;2;3;1;1;3;3;2;3;3;2;1;2;4;4;4;4;3;7;5;7;7;7;7;4;7;7
444;4;7;5;4;2;4;5;6;5;3;4;4;2;3;4;4;3;4;4;4;2;2;4;4;3;3;4;7;6;5;7;7;7;4;4;7
445;7;7;7;3;1;5;3;6;3;3;3;4;3;4;3;3;3;3;3;3;4;3;4;4;4;3;4;7;7;7;7;7;7;5;7;7
446;6;7;7;5;4;6;2;5;6;4;3;3;1;4;2;3;2;3;3;4;2;2;4;3;2;3;9;6;4;6;4;5;3;4;4;6
447;5;6;6;4;2;5;2;5;5;4;3;3;2;4;2;3;3;9;4;3;3;1;4;4;2;4;4;6;5;5;3;6;4;4;5;7
448;6;6;7;5;2;6;4;5;5;9;3;3;2;4;2;3;3;4;4;4;1;1;4;3;2;4;4;7;6;5;4;6;4;3;4;7
449;6;6;6;4;2;5;2;5;5;4;4;4;4;4;2;2;3;4;4;4;2;1;4;3;2;4;4;7;5;5;4;6;3;4;5;7
450;7;7;7;5;2;6;2;4;3;4;3;4;2;3;2;2;2;3;9;4;1;4;3;1;4;1;3;7;7;5;3;6;2;3;1;7
451;5;6;7;1;1;4;1;1;1;4;4;4;4;4;4;9;3;4;4;4;4;3;4;4;4;4;4;7;7;9;9;7;0;9;1;7
452;7;7;7;6;1;4;1;1;1;4;4;3;2;4;3;4;9;4;4;4;2;2;4;4;4;4;4;7;7;5;1;6;2;1;1;7
453;7;7;7;3;1;5;1;2;1;4;0;4;4;9;4;4;3;4;4;4;2;3;4;2;4;4;4;7;6;4;3;6;9;1;1;7
454;4;7;5;4;7;7;4;6;1;2;4;4;2;4;4;2;1;4;4;4;2;1;3;3;4;1;4;7;7;7;1;7;5;7;4;7
455;7;7;7;5;4;5;1;1;1;4;4;4;2;4;3;2;2;3;4;4;2;1;3;3;4;4;4;7;7;6;0;7;4;5;1;7
456;6;7;7;3;1;7;1;7;7;4;4;4;2;4;4;4;9;0;4;4;2;2;4;4;4;4;4;7;7;9;9;7;9;3;1;7
457;7;7;7;2;1;5;1;1;1;3;3;3;2;4;4;3;9;9;4;4;1;1;4;3;4;4;3;7;4;6;1;7;1;1;1;7
458;7;7;7;6;1;4;1;3;1;3;3;4;2;4;3;3;3;4;4;3;1;3;4;4;4;3;4;7;7;5;3;7;0;4;1;7
459;7;7;7;5;1;4;1;3;4;4;4;4;3;4;9;3;3;9;4;4;2;4;3;3;4;4;4;7;7;7;0;7;0;1;1;7
460;7;7;7;3;1;4;1;3;2;4;4;4;2;4;4;2;3;2;4;4;1;2;4;3;4;4;4;7;5;4;0;7;9;1;0;7
461;7;7;7;7;7;7;7;7;7;4;4;4;4;4;4;3;3;4;4;4;4;2;4;3;4;3;4;7;7;7;7;6;5;4;7;7
462;4;7;7;4;4;4;4;4;4;4;4;4;4;4;4;4;4;4;4;4;3;2;4;4;4;4;4;7;7;7;7;7;7;7;7;7
463;9;9;9;9;9;9;9;9;9;9;9;9;4;4;4;4;4;4;4;4;7;2;4;4;1;4;4;7;9;9;9;7;9;9;7;7
464;1;7;7;1;1;7;4;4;4;4;4;4;4;4;4;4;4;4;4;4;7;3;4;4;4;4;4;7;5;9;9;7;7;1;7;7
465;7;7;7;1;1;7;4;4;4;4;4;4;3;3;3;3;3;3;3;3;2;3;4;4;4;4;4;7;7;7;7;7;7;7;7;7
466;6;7;6;5;1;3;2;5;5;2;1;2;2;3;2;2;3;4;3;2;5;5;4;3;2;4;4;7;6;6;7;6;5;6;5;7
467;7;7;7;9;4;7;6;7;7;2;2;2;1;3;3;3;3;3;4;4;5;4;4;4;4;3;3;7;7;7;7;7;6;7;5;7
468;7;7;7;7;9;7;7;7;7;2;3;2;4;4;4;4;4;4;4;4;4;2;4;4;2;4;4;7;7;7;7;7;7;7;7;7
469;6;6;7;6;5;6;6;7;7;3;4;3;3;3;2;3;3;4;4;3;5;5;4;3;4;4;4;7;7;7;7;7;7;7;7;7
470;6;7;7;4;2;6;1;5;4;3;3;3;3;4;3;3;3;4;4;9;3;3;4;4;4;4;4;7;6;6;5;5;5;3;6;7
471;4;7;6;3;1;1;1;7;6;2;2;2;4;4;4;4;4;4;4;4;5;4;4;4;4;4;4;7;7;7;7;7;7;7;7;7
472;5;5;5;4;1;6;2;3;3;3;2;3;2;4;2;2;3;3;3;3;4;3;4;3;4;4;4;7;7;7;7;7;7;7;7;7
473;7;7;7;7;1;7;1;9;9;3;2;3;2;4;3;3;3;3;3;3;3;9;4;3;4;3;4;7;7;7;7;7;7;7;7;7
474;5;6;6;5;3;4;5;4;4;4;4;4;2;4;4;4;4;4;4;4;6;1;4;4;4;4;4;5;5;5;4;6;6;5;5;5
475;7;6;6;4;4;6;5;6;6;2;2;2;2;3;1;1;1;2;2;4;4;2;4;4;4;3;4;7;7;5;4;5;6;5;6;7
476;4;4;6;4;3;5;4;5;5;4;4;4;4;4;4;4;4;4;4;4;7;1;4;4;4;4;4;6;6;3;4;4;5;4;4;6
477;2;2;7;2;2;6;4;6;5;4;4;1;4;4;4;4;4;4;4;4;6;2;4;4;4;4;4;7;7;4;4;5;6;4;4;7
478;2;2;6;2;2;5;2;5;4;9;4;4;4;4;4;4;4;4;4;4;6;2;4;4;4;4;4;6;6;4;4;6;7;4;4;7
479;4;4;6;3;2;4;4;5;4;4;2;3;1;3;4;4;4;4;4;3;2;3;4;4;4;4;4;6;5;4;5;5;5;4;6;7
480;2;4;6;3;3;6;4;4;3;3;3;2;4;4;4;4;4;4;4;4;6;1;4;4;4;4;4;7;6;4;4;5;6;4;6;7
481;5;6;6;5;5;6;4;5;4;3;3;4;2;4;3;3;4;4;4;2;5;0;4;4;4;4;4;7;6;5;7;5;7;4;6;7
482;5;7;5;3;5;5;5;6;3;3;3;4;4;3;3;4;4;3;4;4;4;4;4;4;4;4;4;7;5;5;5;7;7;3;7;7
483;5;4;3;4;2;6;5;5;3;3;4;4;2;1;4;4;3;3;3;3;5;2;4;4;4;4;4;7;5;5;6;5;7;4;5;7
484;1;3;3;1;1;5;5;5;2;3;3;3;1;3;3;2;3;4;3;3;3;5;3;3;3;4;4;7;7;7;7;7;7;4;5;7
485;7;7;7;5;4;5;5;7;5;4;3;3;2;1;2;2;2;2;3;2;4;5;4;4;4;4;4;7;7;7;7;7;7;7;7;7
486;5;4;4;5;3;0;4;4;4;3;3;4;2;2;2;2;3;4;3;3;3;4;3;3;3;3;3;7;5;5;6;6;5;4;5;7
487;4;6;5;3;2;6;5;5;3;2;3;4;2;2;2;2;2;4;3;4;5;2;3;4;1;4;3;7;7;7;7;7;5;4;6;7
488;7;4;5;3;5;5;6;7;3;4;4;4;4;3;4;4;4;4;4;3;6;4;4;4;4;4;4;7;7;5;7;7;6;5;6;7
489;3;6;6;4;2;4;4;5;3;3;4;4;2;2;3;3;3;4;3;3;1;2;4;4;4;3;4;6;4;5;5;6;3;1;1;7
490;5;6;6;6;4;6;4;4;5;4;4;4;2;2;2;2;3;4;4;4;1;1;3;3;1;3;3;7;4;6;5;5;4;5;4;7
491;4;6;5;4;2;4;3;5;5;4;4;4;3;3;3;4;4;4;4;3;1;3;4;4;2;4;4;6;4;6;6;6;3;3;0;7
492;5;5;5;4;3;4;3;6;5;4;3;3;2;3;4;4;4;4;4;4;2;2;4;3;2;2;4;7;3;4;4;4;4;4;4;7
493;6;7;7;6;4;5;3;6;6;4;4;4;2;3;2;1;2;2;2;1;2;4;4;2;2;1;1;7;7;7;6;6;6;6;6;7
494;5;6;6;6;4;4;4;6;6;3;3;4;2;2;1;1;1;4;1;1;1;3;2;2;2;1;1;7;5;6;5;6;5;4;5;6
495;6;6;6;6;4;5;2;4;5;4;4;4;2;4;2;2;1;4;1;4;1;2;3;3;1;1;1;7;7;6;6;6;5;5;5;6
496;4;7;7;7;3;5;2;5;5;4;4;4;1;1;1;1;1;4;1;1;1;4;4;4;1;1;1;7;7;7;6;6;4;4;4;7
497;5;7;7;7;2;5;5;5;5;4;4;4;2;2;2;2;1;4;4;4;1;2;3;4;1;1;1;7;5;6;6;5;4;4;4;6
498;6;6;6;6;3;5;3;4;5;4;4;4;2;4;2;2;2;4;2;4;1;2;3;3;2;1;1;7;5;6;6;5;5;5;5;6
499;5;6;6;6;3;4;3;5;6;4;3;4;2;3;1;2;1;4;4;4;1;3;3;3;2;2;4;7;6;6;5;5;4;4;4;7
500;5;6;6;6;4;5;3;5;5;3;3;4;1;1;1;1;1;4;4;4;1;4;2;2;2;1;1;6;6;5;5;6;5;5;5;6
501;4;7;7;6;2;4;2;5;5;4;4;4;1;2;2;2;3;2;2;2;2;4;2;4;1;1;1;7;7;7;7;7;5;5;4;7
502;3;7;7;7;1;4;4;6;6;4;1;3;2;4;2;2;2;3;3;4;2;3;3;3;2;2;1;7;7;7;7;7;7;7;7;7
503;5;7;7;5;2;4;1;6;4;2;3;3;3;4;2;1;2;2;4;2;7;3;4;4;2;1;4;7;7;7;7;7;5;4;4;7
504;5;7;7;6;5;5;2;5;5;4;3;3;2;3;2;2;2;3;1;1;1;4;3;3;1;1;1;7;6;6;6;6;7;6;4;7
505;5;7;7;5;4;5;4;6;6;3;3;4;2;3;2;2;2;4;3;2;7;5;4;4;2;1;1;7;6;6;7;7;7;5;5;7
506;5;6;6;6;4;4;4;5;5;4;3;4;1;3;2;3;2;4;2;2;1;4;2;3;2;1;1;7;7;7;7;7;7;6;6;6
507;6;6;6;6;3;4;3;5;5;4;3;4;2;2;2;1;2;4;2;1;2;3;2;2;2;1;1;7;6;7;7;7;5;5;5;7
508;4;7;7;6;3;4;2;5;5;4;4;4;1;3;2;2;2;4;2;1;3;4;3;4;2;1;1;7;7;7;6;6;6;4;4;7
509;5;5;6;4;5;5;5;5;5;3;2;3;2;4;2;2;1;2;3;1;2;3;1;3;3;1;1;6;6;7;7;7;7;6;7;7
510;6;7;6;4;4;6;5;5;5;4;4;4;3;3;3;3;3;3;3;3;1;2;4;4;1;2;4;5;6;5;6;6;6;9;7;7
511;1;3;3;7;3;5;1;1;1;2;2;2;2;4;3;4;4;4;4;4;4;2;4;4;4;4;4;2;4;3;3;3;1;1;2;4
512;3;5;5;5;5;4;5;4;5;3;3;3;4;4;4;4;4;4;4;4;2;3;4;4;1;4;4;7;7;6;6;6;6;6;7;7
513;3;9;5;9;9;9;9;7;7;9;9;9;4;4;4;4;4;4;4;4;7;1;4;4;2;4;4;7;7;9;9;7;9;9;9;9
514;6;7;7;4;5;7;3;5;5;3;2;2;2;4;2;4;2;4;4;4;5;2;4;3;2;1;1;6;6;6;6;5;6;6;7;7
515;9;7;7;3;3;5;1;5;5;3;3;3;2;3;4;1;4;4;4;4;6;2;4;4;2;3;3;5;5;5;5;5;4;4;5;5
516;5;5;5;4;4;4;5;6;5;9;1;3;3;3;3;3;3;3;3;3;7;3;4;4;2;1;4;7;7;7;7;7;9;7;7;7
517;6;6;6;6;6;5;5;7;5;4;4;4;3;4;4;4;4;4;4;4;1;2;4;3;4;4;4;7;4;5;4;6;3;4;4;7
518;4;6;6;3;2;5;2;5;4;3;3;3;3;3;3;4;4;4;4;4;1;4;4;4;2;4;4;7;7;7;7;7;3;5;4;7
519;4;5;5;3;2;5;6;6;6;3;3;4;1;2;2;3;3;4;4;4;2;3;4;4;2;4;4;7;4;7;7;7;2;7;7;7
520;6;5;7;3;3;5;4;6;4;4;4;4;1;4;4;4;4;4;4;4;1;2;4;4;2;3;3;7;7;7;7;7;4;3;4;7
521;4;3;6;3;2;3;2;4;3;4;4;4;2;3;3;4;3;4;4;4;2;2;3;3;2;4;4;7;4;6;6;6;2;3;1;7
522;3;6;6;3;3;6;4;5;5;3;3;4;3;3;2;3;2;4;3;3;1;2;3;3;2;1;1;7;6;6;6;6;5;4;4;7
523;5;6;5;2;1;6;3;7;3;3;4;4;2;4;3;2;2;4;4;4;1;3;3;3;4;3;1;6;4;5;7;7;7;1;2;7
524;6;5;5;4;4;5;4;6;5;4;4;4;2;2;2;3;3;2;3;3;1;2;4;1;1;4;4;6;5;4;5;5;4;4;1;7
525;7;7;7;5;4;4;4;5;4;4;4;4;1;3;3;3;3;3;3;3;1;2;4;3;1;4;4;7;5;4;5;5;3;4;2;7
526;6;6;7;6;5;5;4;6;4;4;4;4;1;1;2;3;3;2;3;1;1;1;4;4;1;4;4;7;4;6;6;6;4;4;1;7
527;6;7;7;4;3;4;3;5;4;4;4;4;1;2;2;3;3;2;3;2;1;2;4;4;4;4;4;7;4;4;5;5;2;3;4;7
528;4;7;7;1;1;5;4;4;4;4;4;4;4;4;4;4;4;4;4;4;7;3;4;4;4;4;4;7;7;7;7;7;7;7;7;7
529;7;7;7;7;7;7;7;7;7;4;4;4;3;3;4;4;3;4;1;3;7;4;4;2;4;2;4;7;7;7;7;7;7;7;7;7
530;7;7;7;7;7;7;7;7;7;3;3;3;3;3;3;3;3;3;3;3;3;3;4;4;4;4;4;7;7;7;7;7;7;7;7;7
531;4;7;7;1;1;4;4;4;1;3;3;3;4;4;4;4;4;4;4;4;4;3;4;4;4;4;4;7;7;4;4;7;4;1;7;7
532;7;7;7;6;4;7;4;5;3;4;4;4;2;1;4;2;2;4;2;4;2;4;3;3;4;3;3;7;7;7;7;7;7;7;7;7
533;6;7;7;1;1;4;1;4;2;4;4;4;3;4;4;3;4;3;4;2;3;2;4;4;4;4;4;7;7;7;5;6;4;4;7;7
534;5;7;7;2;3;6;3;5;1;2;3;4;4;4;4;4;4;4;4;3;5;3;4;4;4;3;4;7;7;9;4;7;7;1;7;7
535;3;4;4;5;6;4;9;3;4;9;9;9;2;4;4;4;4;4;4;4;2;5;4;4;2;4;2;7;7;9;9;7;7;7;7;7
536;4;4;4;9;9;3;3;4;4;9;9;9;4;4;4;4;4;4;4;4;2;2;4;4;4;4;4;6;5;5;9;9;9;4;4;6
537;4;5;4;4;2;4;2;5;9;9;2;3;2;4;4;2;4;4;4;4;2;2;2;3;2;4;4;6;6;4;5;5;9;9;9;7
538;6;6;6;6;5;5;4;6;6;9;2;4;4;9;4;4;4;4;4;4;1;1;4;2;2;4;4;7;6;6;5;5;9;9;9;7
539;6;4;5;4;2;4;5;5;5;9;3;3;2;4;4;4;4;4;4;4;2;2;4;4;2;4;4;7;6;4;5;5;4;9;5;7
540;5;5;4;5;5;4;9;3;3;9;2;9;4;4;4;2;4;4;4;4;1;1;4;4;4;4;4;5;4;5;6;5;9;9;9;7
541;5;5;5;5;4;4;4;4;4;9;9;9;4;4;4;4;4;4;4;4;2;3;4;4;4;4;4;7;6;5;5;6;5;6;4;7
542;6;6;5;5;3;4;9;5;4;4;3;4;2;4;4;2;4;4;4;4;2;4;4;3;2;4;4;6;6;5;5;4;4;6;6;7
543;2;2;4;4;6;6;7;6;5;3;3;3;4;4;3;3;3;4;1;1;1;2;4;4;4;4;4;5;5;4;4;4;6;5;3;3
544;2;4;5;5;6;4;3;7;7;2;2;1;2;3;1;4;3;3;4;4;1;1;4;4;4;4;4;4;6;6;5;3;4;5;5;5
545;7;7;7;7;7;7;6;6;6;3;3;3;2;2;2;2;4;4;4;4;5;1;3;3;4;4;4;2;6;7;7;7;7;6;7;7
546;5;7;7;7;3;3;3;3;5;3;2;3;3;3;4;3;3;4;3;3;4;4;4;1;4;4;4;5;5;3;4;4;5;5;3;4
547;6;6;5;7;3;3;6;7;7;2;3;2;4;3;3;4;2;2;2;2;4;1;3;4;4;4;3;7;7;7;5;5;7;4;5;7
548;7;7;7;7;7;7;7;7;7;4;1;1;2;4;4;4;4;4;3;4;2;1;4;4;4;4;4;6;6;7;7;7;7;7;2;7
549;6;7;7;6;7;7;7;7;7;3;4;4;4;4;4;4;4;3;3;3;3;2;4;4;4;4;4;6;6;6;6;7;7;5;3;7
550;4;6;5;4;3;4;4;4;3;2;3;3;4;4;3;4;4;4;4;4;2;3;4;4;4;4;4;7;6;5;5;6;4;4;6;6
551;5;7;7;5;3;4;3;3;3;3;1;3;4;4;3;3;3;4;4;4;2;3;4;3;3;4;4;6;6;7;6;6;5;5;6;7
552;5;7;6;5;5;5;4;4;3;2;2;2;2;4;3;3;4;4;4;4;2;3;4;4;4;4;4;7;6;6;6;6;5;5;7;7
553;7;7;7;7;7;6;3;6;6;2;2;2;4;4;4;4;4;4;4;4;2;3;4;4;4;4;4;7;6;6;7;7;6;6;6;7
554;6;7;7;7;4;5;4;4;4;9;3;3;2;4;3;3;3;4;4;4;1;3;4;4;3;4;4;7;7;7;7;7;7;7;7;7
555;6;7;7;6;3;5;4;5;4;2;1;2;3;4;3;3;3;4;4;3;2;2;4;4;4;4;4;7;7;7;6;6;6;5;4;7
556;5;6;4;5;6;5;4;6;5;4;2;4;4;3;4;4;4;4;4;4;2;3;4;4;4;4;4;7;7;7;7;7;7;7;7;7
557;6;6;6;7;6;6;7;6;7;4;2;4;4;3;3;4;4;3;4;4;2;3;4;4;4;4;4;6;7;6;6;7;6;6;6;7
558;7;7;7;7;7;7;7;7;7;4;1;3;4;4;4;4;3;3;4;3;2;3;4;4;4;4;4;7;7;7;7;7;7;7;7;7
559;5;6;7;6;6;6;6;6;6;4;2;4;4;4;4;4;4;4;4;4;2;4;4;4;4;4;4;6;6;6;7;7;6;6;6;7
560;6;6;6;6;6;6;6;6;6;4;1;3;4;4;4;4;4;4;4;4;2;4;4;4;4;4;4;7;6;7;6;7;6;7;6;7
561;5;6;7;7;6;5;6;7;5;4;2;4;4;4;4;4;4;4;4;4;2;4;4;4;4;4;4;7;7;7;7;7;7;7;7;7
562;6;6;6;7;6;6;7;6;6;3;1;4;4;4;4;4;4;4;4;4;2;3;4;4;4;4;4;7;7;7;7;7;5;6;7;7
563;5;5;4;6;5;4;5;4;5;4;1;3;4;3;3;3;4;4;4;4;2;4;4;4;4;4;4;7;7;7;7;7;7;7;7;7
564;4;6;6;4;3;3;3;4;3;3;3;3;3;3;3;4;4;3;4;3;2;3;4;4;4;4;4;5;5;5;5;5;5;5;5;5
565;5;7;7;5;3;4;3;5;5;3;3;4;3;3;3;4;4;4;4;3;6;3;4;4;4;4;4;5;5;5;5;5;5;5;5;6
566;7;7;7;5;5;5;3;5;2;3;3;4;2;4;2;4;4;4;4;4;2;2;4;4;4;3;3;6;5;6;6;6;7;4;6;7
567;5;7;7;5;4;3;3;3;2;3;3;3;3;4;3;4;4;4;4;4;4;3;4;4;4;3;4;5;5;6;6;6;6;6;6;7
568;5;7;7;6;5;5;4;5;3;4;4;4;2;3;2;3;4;3;4;4;1;4;4;4;4;3;3;5;5;6;6;6;6;5;6;7
569;4;6;6;6;4;5;4;6;5;4;3;3;3;4;3;3;4;4;4;4;1;3;4;4;4;3;4;5;5;6;5;6;3;5;6;7
570;5;7;7;7;5;6;4;5;4;4;4;4;2;3;2;4;4;4;4;4;2;1;4;3;2;3;4;5;6;6;4;6;4;4;6;7
571;2;7;7;5;4;4;3;4;3;4;3;4;3;3;3;4;4;3;4;4;3;3;4;4;4;3;4;6;4;5;5;6;5;5;7;7
572;7;7;7;5;4;5;5;5;5;4;3;4;2;4;4;3;4;4;4;4;2;1;4;3;4;4;4;6;7;5;6;7;7;6;7;7
573;0;7;7;7;3;5;7;4;2;4;0;4;1;3;3;3;3;3;4;3;1;2;4;3;4;4;4;7;7;7;7;7;7;1;7;7
574;5;6;7;5;5;6;5;5;4;4;4;4;3;3;3;3;3;3;9;3;5;4;4;4;4;4;4;6;6;6;6;6;6;6;6;6
575;7;7;7;7;7;7;5;4;3;4;9;3;2;4;4;2;2;1;4;4;1;2;4;3;4;4;1;7;7;7;6;7;9;1;4;7
576;7;7;7;7;7;7;7;7;7;3;4;3;2;2;2;2;3;2;4;4;2;3;4;3;4;3;2;6;6;4;6;6;6;4;7;7
577;7;7;7;7;6;6;6;5;5;4;4;3;1;3;4;3;3;4;3;4;6;3;4;1;4;2;4;7;6;6;6;7;6;4;6;7
578;5;6;6;5;5;6;4;6;5;4;4;3;1;3;4;3;3;4;3;4;2;2;4;4;4;4;4;7;6;6;6;7;6;4;6;7
579;5;7;7;5;6;7;6;6;6;0;4;4;2;3;4;3;3;4;3;3;1;2;3;3;4;3;4;7;7;7;9;7;6;4;5;7
580;5;7;7;5;3;4;9;4;0;4;3;4;1;3;4;3;4;4;3;4;2;2;3;3;4;3;4;7;6;6;6;5;6;4;6;7
581;6;0;7;6;6;5;5;6;6;3;9;9;1;3;4;3;3;4;3;4;1;2;4;2;4;2;4;7;6;6;6;7;6;5;6;7
582;4;5;6;5;6;6;6;6;6;3;3;3;2;3;3;3;3;0;4;4;2;2;4;3;4;4;4;7;6;6;5;5;6;3;4;5
583;4;5;6;5;6;6;5;6;6;3;3;3;2;3;3;3;3;4;3;4;2;2;4;4;4;4;4;7;6;6;5;5;6;6;4;5
584;7;7;7;7;6;6;6;5;5;4;4;3;1;3;4;3;2;4;3;4;1;3;4;1;4;2;4;7;6;6;6;7;6;3;6;7
585;5;7;7;4;1;3;4;6;6;4;3;4;2;4;4;4;4;3;4;4;1;3;4;3;2;4;4;7;7;5;7;7;7;1;7;7
586;5;7;7;4;3;5;3;7;6;4;2;4;2;4;2;4;4;3;4;4;1;4;4;4;3;3;3;7;7;6;7;7;5;4;5;7
587;6;7;7;5;3;5;3;6;7;4;3;4;4;4;4;4;4;4;4;4;3;2;4;4;4;4;4;7;7;7;7;7;7;7;7;7
588;7;7;7;5;4;6;5;7;6;4;2;4;3;4;4;3;4;2;4;4;1;4;4;2;2;2;4;7;7;7;6;7;6;1;7;7
589;4;6;7;1;1;4;4;6;6;3;3;4;4;4;4;4;4;4;4;4;3;2;4;3;3;4;4;7;7;7;6;7;5;4;7;7
590;7;6;6;6;4;4;4;6;5;4;1;4;4;4;4;4;4;4;4;4;1;5;4;4;4;3;3;7;7;7;7;7;5;5;5;7
591;7;7;7;5;5;5;4;6;6;4;4;4;2;3;2;2;2;2;4;4;1;3;4;3;4;4;3;7;7;7;7;7;5;4;5;7
592;6;5;5;5;6;5;6;5;6;4;2;4;4;4;4;4;4;4;4;4;2;3;4;4;4;4;4;7;7;7;7;7;7;7;7;7
593;6;6;6;6;6;6;6;6;6;3;4;3;4;3;4;3;4;3;4;4;2;3;4;4;4;4;4;7;5;7;6;5;7;5;6;7
594;6;6;7;6;7;6;7;6;6;4;4;3;4;4;3;4;3;4;3;4;2;3;4;4;4;4;4;7;6;6;7;6;6;7;6;6
595;6;6;6;7;6;7;6;7;6;3;3;3;4;4;3;4;3;4;3;3;2;1;4;4;4;4;4;7;7;7;7;7;6;7;7;6
596;6;5;6;5;6;5;6;5;6;4;3;4;3;4;3;4;3;4;3;4;2;1;4;4;4;4;4;7;6;5;6;7;6;5;6;7
597;7;6;6;7;5;6;5;4;5;4;4;3;4;4;4;3;4;3;4;3;2;3;4;4;4;4;4;7;5;7;6;5;7;6;5;7
598;5;5;5;6;6;5;6;5;6;4;1;3;4;4;4;4;4;4;4;4;2;4;4;4;4;4;4;7;7;7;7;7;7;7;7;7
599;6;7;6;6;6;6;6;5;5;3;1;2;4;4;4;4;4;4;4;4;2;4;4;4;4;4;4;7;7;7;7;7;7;7;7;7
600;5;9;6;1;1;5;1;5;9;4;9;9;3;4;2;2;4;4;4;4;2;3;4;4;4;4;4;7;7;7;7;7;9;9;9;7
601;7;7;7;4;2;7;3;7;0;3;3;2;2;4;3;3;4;4;4;3;2;4;4;4;4;4;4;7;7;5;7;7;9;5;9;7
602;2;9;7;1;1;5;9;6;0;4;4;4;2;4;2;2;4;4;4;4;3;2;4;4;4;4;4;7;7;9;9;9;9;9;9;7
603;4;7;7;1;1;7;9;7;7;4;3;3;2;4;3;3;4;4;4;3;3;3;4;4;4;4;4;7;7;7;7;7;9;7;7;7
604;5;7;7;1;1;7;4;7;5;4;9;9;2;9;3;3;4;4;4;4;4;3;4;4;4;2;4;7;7;7;7;7;9;7;9;7
605;4;0;7;1;1;7;3;7;0;3;3;2;2;4;2;2;4;4;4;4;2;4;4;4;4;4;4;7;7;5;7;7;7;9;0;7
606;0;0;7;1;1;7;1;0;0;3;0;0;2;4;3;4;4;4;4;4;9;3;4;4;4;4;4;7;7;7;7;7;9;9;9;7
607;5;0;7;1;1;7;1;7;0;3;2;2;2;4;3;3;4;4;4;3;3;3;4;4;4;2;4;7;7;7;7;7;9;7;7;7
608;7;7;7;5;2;7;9;7;0;0;2;1;2;3;2;2;4;0;3;4;2;3;4;4;4;3;4;7;7;7;7;7;7;0;0;7
609;7;7;7;4;1;7;6;7;7;3;2;2;2;4;2;2;3;4;4;4;3;3;4;4;4;3;4;7;7;7;7;0;7;7;0;7
610;7;0;7;4;1;6;9;4;4;4;2;2;2;4;2;2;4;9;4;4;3;1;4;4;4;4;4;7;7;7;7;9;7;0;9;7
611;5;7;7;0;1;7;9;6;6;3;1;1;2;0;3;4;9;0;4;4;0;2;4;4;4;3;4;7;7;9;5;7;9;9;1;7
612;4;0;7;1;1;7;1;7;7;9;2;1;2;0;2;2;4;4;4;4;3;2;4;3;4;4;4;7;7;0;0;0;9;9;0;7
613;7;7;7;9;9;7;9;7;7;2;1;1;3;9;3;3;3;3;4;9;0;3;4;4;4;4;4;7;7;9;9;9;9;9;9;7
614;7;7;7;3;1;7;3;6;0;3;3;2;2;3;3;2;3;3;3;1;2;3;4;4;4;3;4;7;7;7;7;0;7;9;9;7
615;7;7;7;5;1;7;2;7;7;4;4;0;2;4;3;2;3;9;4;2;3;4;4;4;4;4;4;7;7;7;7;7;7;0;0;7
616;6;7;7;5;6;5;5;4;5;3;1;3;1;2;2;4;4;4;4;4;1;4;4;4;4;4;4;7;4;5;5;5;7;7;4;7
617;7;7;7;6;6;7;6;6;7;4;2;3;2;3;3;2;3;3;3;3;1;1;4;3;4;4;4;7;5;6;5;5;6;6;4;5
618;6;6;5;6;7;6;4;5;6;3;1;2;2;3;3;3;3;3;3;3;1;2;4;4;4;4;4;7;5;5;6;4;5;6;6;7
619;7;7;7;7;7;7;7;7;7;2;2;2;3;3;3;3;3;3;3;3;1;4;4;4;4;4;4;7;6;6;7;6;5;6;5;5
620;7;7;7;7;7;7;7;7;7;4;2;4;4;4;4;3;3;4;3;4;1;3;4;4;4;4;4;7;7;7;6;6;7;5;7;6
621;7;7;7;7;7;7;7;7;7;3;2;4;4;4;4;4;4;4;4;4;1;2;4;4;4;4;4;7;6;6;7;5;5;6;3;7
622;7;7;7;7;7;7;7;7;7;2;2;2;4;4;4;4;4;4;4;4;2;3;4;4;4;4;4;7;7;4;6;5;6;6;5;6
623;5;7;7;7;7;5;6;5;5;3;1;2;1;3;3;4;3;4;4;1;2;3;4;4;4;4;4;7;7;7;7;7;7;7;5;7
624;5;5;5;2;2;6;6;3;3;0;0;0;2;2;4;3;4;3;4;3;6;2;4;2;4;3;3;6;2;4;4;6;1;1;6;6
625;4;4;4;4;4;4;4;4;4;3;3;3;2;3;3;3;3;3;3;3;1;2;2;3;3;3;3;4;4;4;4;4;4;4;4;4
626;4;7;5;3;4;4;5;3;2;4;3;4;2;4;4;2;2;2;4;4;1;3;3;3;4;3;2;5;4;3;2;4;6;2;4;5
627;5;3;3;3;2;5;5;4;4;4;3;3;2;3;3;2;3;2;2;1;1;2;4;2;2;4;4;5;4;5;5;5;7;6;5;7
628;3;3;3;3;3;3;3;3;3;3;3;3;3;3;3;3;3;3;3;3;1;2;4;4;4;4;4;5;5;5;5;5;5;5;5;5
629;5;7;7;7;3;7;4;7;6;3;4;3;3;3;3;4;3;4;3;3;6;1;4;3;4;3;4;7;7;7;7;7;2;2;2;7
630;7;7;7;7;3;5;3;5;4;3;4;4;1;3;2;3;3;3;4;4;2;1;3;3;4;4;4;7;5;5;5;6;4;3;4;7
631;5;5;6;6;4;7;6;6;6;3;1;3;1;2;3;3;3;3;4;3;4;3;4;4;4;4;4;7;7;7;6;6;6;7;7;7
632;3;7;6;2;2;7;3;7;7;4;3;4;2;3;2;2;3;3;3;3;1;3;4;3;3;3;3;7;7;6;7;6;3;1;1;7
633;5;6;6;5;4;5;4;5;5;3;4;3;4;4;4;4;4;4;4;4;2;3;4;4;4;1;4;6;5;4;6;7;5;4;4;7
634;7;6;7;7;3;6;2;6;6;4;4;4;2;4;2;3;3;4;4;4;1;1;4;3;4;4;4;7;7;5;5;7;7;1;1;6
635;7;6;7;7;5;6;6;6;5;4;4;4;3;3;3;3;2;2;4;3;2;2;4;4;4;4;4;7;5;7;6;7;7;3;2;7
636;3;3;4;1;3;4;3;4;4;3;3;3;2;3;3;3;3;2;3;2;2;3;4;2;2;2;4;7;7;5;5;7;5;2;5;7
637;4;4;4;3;3;5;4;6;6;2;3;4;2;3;3;3;4;3;4;4;6;3;4;4;4;4;1;6;6;5;6;5;5;3;4;6
638;2;6;7;2;1;4;4;4;4;3;3;3;3;3;3;3;3;3;4;4;6;4;4;4;4;4;4;7;6;6;6;6;6;1;1;1
639;5;6;7;5;3;5;4;6;6;4;3;4;1;3;4;4;2;3;4;4;1;3;4;3;2;2;4;7;6;7;4;7;7;1;4;7
640;6;7;7;6;5;6;4;7;7;4;4;4;2;3;3;3;3;3;2;2;1;4;4;3;2;1;4;7;7;6;5;5;7;4;1;7
641;7;7;7;6;4;5;5;7;7;4;4;4;2;2;2;3;3;2;2;1;1;4;4;4;4;2;4;7;6;4;4;6;7;4;1;7
642;6;7;7;6;4;7;7;7;7;4;4;4;2;2;3;3;3;3;3;3;1;2;4;4;4;2;4;7;7;6;4;6;7;1;1;7
643;7;7;7;6;1;7;4;7;7;4;4;4;3;3;3;3;3;3;3;3;1;2;4;4;4;4;4;7;7;7;5;7;7;1;1;7s
644;7;7;7;5;5;5;5;7;7;4;4;4;2;2;3;3;3;3;3;3;1;1;4;4;4;4;4;7;7;5;4;5;7;1;1;7
645;7;7;7;4;4;5;5;7;7;4;4;4;2;2;3;3;3;3;3;3;1;2;4;4;4;4;1;7;7;5;4;5;7;1;1;7
646;5;7;7;5;5;5;5;7;7;4;4;4;2;2;3;3;3;3;3;3;1;4;4;4;4;4;4;7;7;6;4;5;7;3;2;7
647;7;7;7;5;4;6;5;7;7;4;4;4;2;2;3;3;3;3;3;3;1;2;4;4;4;4;4;7;7;7;5;5;7;7;7;7
648;6;7;7;6;5;6;5;7;7;4;4;3;1;2;3;2;2;3;3;3;1;3;4;4;4;4;4;7;7;7;5;4;7;7;1;7
649;7;7;7;6;5;6;4;7;7;4;4;4;1;1;2;3;3;3;3;3;1;1;4;4;4;4;4;7;7;7;5;6;7;7;1;7
650;7;7;7;5;6;6;7;7;7;4;4;4;3;3;3;3;3;3;3;3;1;3;4;4;4;4;4;7;7;5;5;5;7;2;7;7
651;5;6;6;4;3;4;2;6;5;4;3;3;2;4;4;3;3;4;3;4;5;4;4;4;4;4;4;7;6;7;6;6;7;2;4;7
652;4;5;5;4;5;4;4;6;5;4;4;4;2;3;2;2;2;3;3;3;4;1;4;4;2;3;4;7;5;6;7;6;7;4;5;7
653;4;7;7;5;4;2;5;6;8;3;3;3;3;2;2;2;3;3;4;4;3;2;3;3;2;2;3;7;6;5;5;6;4;7;7;7
654;4;7;7;5;4;5;4;9;7;3;3;4;3;3;2;2;2;3;4;4;3;3;3;3;2;1;2;7;6;5;4;4;9;9;7;7
655;5;6;4;6;3;6;3;6;3;3;3;2;3;4;3;2;1;1;3;1;6;2;4;3;3;4;3;4;6;7;7;7;2;6;3;7
656;4;6;5;3;4;5;5;4;4;3;3;3;4;4;3;3;4;4;4;3;6;4;4;3;4;3;3;7;7;5;4;6;6;5;5;5
657;4;6;4;5;3;4;5;6;5;3;3;3;4;3;3;3;2;3;2;3;2;2;4;3;4;3;4;7;7;5;6;6;5;5;6;5
658;4;7;7;5;4;6;5;6;6;3;3;3;3;3;2;2;2;3;4;4;3;2;3;3;2;3;2;7;6;6;5;6;4;9;7;7
659;3;6;6;3;4;7;6;6;4;4;4;4;3;3;3;3;3;9;3;3;6;3;4;4;0;0;4;7;5;7;7;5;7;5;7;7
660;7;6;6;2;2;6;2;6;2;3;3;3;2;4;9;3;3;9;9;4;3;3;4;4;4;4;4;7;4;7;5;5;5;4;4;7
661;6;6;6;4;2;3;1;5;3;9;3;3;1;3;4;4;4;9;4;4;7;2;4;4;4;4;4;6;6;6;5;9;7;6;6;7
662;7;7;7;4;2;9;1;5;3;9;2;9;1;3;3;4;3;9;3;9;7;2;4;4;2;3;4;9;7;6;9;6;9;5;9;7
663;5;9;6;1;1;4;2;4;4;3;3;3;1;4;4;4;4;4;4;3;6;3;4;4;4;3;4;7;6;6;5;5;6;5;5;7
664;5;5;6;3;1;5;4;5;4;4;3;4;3;4;4;3;3;3;4;4;4;2;4;4;4;4;4;7;5;5;5;6;5;5;4;7
665;2;5;5;3;3;5;4;5;5;3;9;4;2;9;3;2;3;3;3;3;6;2;4;4;4;3;3;7;4;6;9;9;7;9;9;7
666;4;5;4;4;3;4;4;7;4;4;3;4;3;9;9;2;9;9;9;9;6;1;4;3;4;4;4;7;5;4;4;4;7;4;7;7
667;5;7;7;5;5;6;5;7;7;3;3;3;4;4;4;4;4;3;4;4;1;2;4;3;4;4;4;7;5;7;7;7;5;5;7;7
668;3;3;3;3;3;4;3;4;4;4;4;4;3;3;3;3;4;3;4;3;2;2;4;3;4;3;4;7;6;7;7;7;4;4;7;7
669;4;4;4;4;4;4;4;4;4;3;2;3;2;3;3;3;4;3;4;4;2;2;4;4;4;4;4;7;5;7;7;7;5;5;7;7
670;6;6;6;5;6;5;6;6;6;4;3;4;2;4;2;3;4;3;4;4;1;2;4;3;2;4;4;7;6;6;6;6;7;7;7;7
671;4;6;4;4;4;4;4;4;4;4;3;4;3;3;3;3;3;3;3;3;2;2;4;3;3;4;4;7;6;6;6;6;6;6;6;7
672;4;6;6;4;4;4;4;6;6;3;2;3;2;3;2;3;3;3;4;3;1;2;4;2;1;4;4;7;5;5;5;5;6;6;5;7
673;7;7;7;6;7;7;7;7;7;3;3;3;2;4;2;3;3;3;4;3;1;3;4;4;4;4;4;7;7;7;7;7;5;5;7;7
674;4;4;4;4;4;4;4;4;4;3;3;3;3;3;3;3;4;2;4;3;2;2;4;3;4;3;4;7;5;6;7;7;6;7;7;7
675;6;6;6;4;1;4;3;4;3;3;4;4;1;4;4;4;4;4;4;4;2;1;4;4;4;4;4;6;6;4;3;4;5;2;1;4
676;7;7;7;5;1;5;4;4;3;4;4;4;1;4;4;4;3;4;3;3;2;4;4;1;4;4;1;7;6;5;4;4;6;2;1;5
677;7;7;7;4;1;6;7;6;3;4;4;4;1;4;4;4;4;4;4;4;2;1;4;4;4;4;4;7;6;6;6;4;1;1;1;7
678;6;7;6;4;1;5;5;4;3;3;3;4;1;4;3;4;4;4;3;4;2;3;4;4;4;4;4;7;7;5;5;6;7;5;1;5
679;6;4;7;4;2;4;2;4;4;4;4;4;3;3;4;3;4;4;4;4;1;4;4;3;4;4;1;4;4;4;4;4;9;9;4;7
680;6;7;7;5;1;4;4;4;4;4;4;4;1;4;4;4;4;4;4;4;1;2;4;4;4;4;2;2;5;4;4;4;2;1;1;6
681;5;7;6;3;1;5;6;4;2;2;4;4;1;3;4;4;4;4;4;4;2;2;4;4;4;4;4;7;7;5;4;5;6;2;1;5
682;4;6;7;6;1;6;5;4;3;9;2;4;3;9;3;4;4;4;4;3;1;4;4;4;4;4;2;7;5;6;7;7;4;9;2;7
683;4;7;6;3;2;3;1;9;9;4;3;4;2;4;4;4;4;4;4;4;1;2;3;3;4;4;4;6;6;7;6;5;4;2;4;7
684;5;7;7;3;3;4;1;2;3;9;3;4;3;4;3;3;3;9;4;3;6;4;4;4;4;4;4;7;6;5;7;9;9;9;9;7
685;5;7;7;1;1;3;1;4;4;9;4;4;4;4;4;4;4;4;4;4;6;2;4;4;4;4;4;6;6;9;6;9;9;9;9;7
686;7;7;7;6;5;5;4;5;5;4;3;4;2;4;4;4;4;4;4;4;2;5;4;1;4;3;3;7;6;6;4;6;5;6;4;7
687;7;7;6;5;6;5;4;5;5;4;4;4;4;4;4;4;1;2;3;3;1;4;4;1;4;4;4;6;6;6;6;4;4;2;2;7
688;6;7;5;3;2;4;1;3;3;4;4;4;1;3;4;3;4;4;4;3;6;3;4;2;4;4;4;6;7;5;5;4;9;3;3;7
689;6;7;7;3;2;3;1;5;4;4;3;4;1;4;4;3;4;4;4;4;2;2;4;4;2;4;4;7;7;6;9;4;9;5;2;7
690;2;1;3;5;3;6;5;4;4;3;3;4;1;4;3;2;3;4;4;4;5;4;4;2;4;4;4;7;7;6;3;5;5;4;2;7
691;5;5;4;4;5;5;5;5;5;1;1;1;4;4;4;4;4;4;4;4;7;4;4;4;4;4;4;6;5;5;5;4;4;4;4;6
692;6;6;6;5;4;5;5;5;1;4;3;3;2;3;2;3;3;3;3;4;1;2;4;3;4;4;4;7;7;7;5;7;3;4;6;7
693;5;6;5;5;3;4;4;3;2;4;4;4;2;3;2;3;3;3;3;4;1;3;3;3;4;3;4;7;6;7;6;7;7;3;7;7
694;6;7;7;6;0;0;0;5;2;4;3;3;2;3;3;3;3;3;4;4;2;2;4;3;4;4;4;7;6;6;4;7;6;2;7;7
695;5;6;6;5;4;6;4;6;3;4;4;4;2;3;2;3;2;3;3;3;1;4;4;1;4;2;3;6;6;5;3;7;5;2;6;7
696;6;6;6;5;5;6;5;6;4;4;4;4;2;4;2;2;2;3;3;3;1;4;3;3;4;3;4;7;6;6;4;7;3;3;6;7
697;5;3;7;3;2;6;5;5;5;4;2;2;1;3;4;4;4;4;4;3;1;2;4;3;3;4;4;7;7;7;7;6;4;3;6;7
698;7;7;7;7;7;7;5;7;7;4;4;4;3;3;4;4;4;4;4;3;2;3;4;4;2;4;3;6;6;7;7;6;3;3;6;7
699;7;5;6;2;2;4;2;5;2;4;4;3;3;4;2;3;2;4;3;4;2;5;4;4;2;4;4;7;5;4;7;7;7;1;2;7
700;4;4;6;3;3;6;6;7;7;4;2;4;3;4;3;4;3;4;4;4;2;4;4;4;4;4;4;7;4;6;2;5;6;1;7;6
701;6;7;6;7;6;5;5;6;7;4;3;4;3;2;2;4;4;4;4;4;4;3;4;4;4;4;4;4;5;7;6;4;5;6;3;5
702;2;6;6;7;3;4;5;4;4;4;1;2;3;3;3;3;3;3;3;3;3;3;4;4;4;4;4;5;4;5;7;5;4;5;6;5
703;5;3;6;5;6;5;7;6;6;4;4;4;3;4;3;3;4;3;3;4;4;3;4;4;4;4;4;4;5;7;5;7;5;6;7;6
704;5;3;6;4;2;5;6;5;4;4;3;2;2;4;3;2;3;4;3;2;4;2;4;4;4;4;4;6;2;4;5;3;5;5;7;7
705;5;7;6;7;7;7;6;7;6;4;1;4;3;4;3;4;4;4;4;4;3;3;4;3;4;4;4;7;4;7;6;6;6;7;7;7
706;7;7;7;7;7;7;7;7;7;3;3;4;3;4;4;4;3;3;3;3;4;3;3;2;3;2;4;4;3;5;6;4;3;4;5;6
707;4;3;6;7;7;6;6;7;7;4;1;1;3;2;3;4;3;2;3;4;5;2;4;3;4;4;4;7;7;7;7;7;7;7;7;7
708;4;6;6;6;5;7;6;6;5;3;4;2;3;2;3;2;1;3;4;2;4;4;2;4;4;4;4;3;6;4;3;5;4;3;6;5
709;7;7;6;4;2;3;1;3;3;4;4;4;3;3;3;2;3;4;4;4;1;1;3;4;4;4;3;7;3;5;6;6;7;1;1;7
710;7;7;7;6;2;4;2;5;3;3;4;4;2;2;4;2;2;2;4;4;2;1;3;4;1;4;4;7;7;7;7;7;2;4;3;7
711;6;3;4;5;2;4;1;2;1;4;3;4;1;4;4;3;4;4;4;1;1;3;4;4;2;4;4;6;5;7;7;7;4;2;6;6
712;7;6;7;7;3;5;2;2;2;4;4;4;1;3;3;2;2;3;3;1;1;4;4;4;2;3;4;5;6;6;6;6;3;2;7;7
713;7;6;7;4;3;4;2;5;3;4;4;4;2;3;4;2;3;4;4;2;1;4;4;4;2;4;4;6;4;7;4;7;3;2;4;7
714;4;4;6;5;1;5;2;3;1;4;4;4;3;3;3;3;3;4;4;1;1;5;4;4;2;4;4;5;3;7;5;7;3;1;6;7
715;7;3;6;4;2;2;2;2;1;4;4;4;2;3;3;2;2;3;4;4;1;3;4;4;2;3;4;6;2;7;6;6;7;2;5;6
716;6;7;6;4;3;5;3;4;1;4;3;4;1;2;3;3;3;3;3;1;1;4;4;4;2;1;1;6;5;6;4;6;3;1;6;6
717;4;7;7;4;4;9;1;4;4;4;4;4;2;4;4;4;3;4;4;3;4;2;4;4;4;4;4;7;5;7;6;7;4;1;7;7
718;4;5;7;5;1;9;1;9;9;3;3;3;2;4;4;4;3;4;4;9;3;3;4;4;4;1;4;7;5;5;7;7;9;1;7;7
719;1;9;7;2;4;9;9;9;9;4;4;4;3;4;3;4;4;4;4;9;7;2;4;4;4;4;4;4;9;5;7;5;9;1;7;5
720;1;1;3;1;1;1;1;1;1;9;9;9;2;3;3;3;3;3;3;3;3;2;4;4;4;1;4;6;3;4;4;5;6;3;5;5
721;3;7;7;3;3;5;3;4;3;4;4;4;3;3;4;4;4;3;4;3;3;3;4;4;4;4;4;7;7;5;5;7;7;5;5;6
722;5;5;6;5;1;5;1;3;2;3;1;3;3;4;3;3;3;4;4;3;2;2;4;4;4;1;4;7;5;5;4;7;4;3;3;5
723;5;7;7;7;6;7;5;7;7;2;3;2;4;4;4;4;4;4;4;4;2;1;3;3;4;4;4;7;7;7;6;7;5;6;7;7
724;6;7;7;6;5;7;6;7;7;2;2;2;2;3;3;3;3;4;3;3;1;2;4;4;4;4;4;7;7;7;7;7;6;7;7;7
725;6;7;7;6;6;7;5;7;7;1;1;1;4;4;4;3;3;4;4;3;1;1;4;4;4;4;4;7;7;7;7;7;6;7;7;7
726;7;7;7;7;6;6;6;7;7;2;3;3;3;4;4;3;3;4;3;3;1;2;4;4;4;4;4;7;7;6;6;7;5;6;7;7
727;6;7;7;7;5;7;6;7;7;3;2;2;3;3;2;2;2;4;3;3;2;2;4;3;4;4;4;7;7;6;5;7;5;6;7;7
728;7;7;7;7;7;7;7;7;7;2;3;3;2;4;4;2;3;2;3;3;1;1;3;4;4;4;4;7;7;7;7;7;5;6;7;7
729;2;1;1;1;1;1;2;1;1;1;1;1;2;3;2;3;1;4;4;3;1;2;3;3;4;4;4;7;7;7;7;7;7;7;6;7
730;7;7;7;7;7;7;6;7;7;3;2;2;4;4;3;4;4;3;4;4;2;1;4;4;4;4;4;7;7;7;7;7;7;7;7;7
731;2;4;7;6;2;4;4;7;5;9;2;2;2;3;3;3;3;3;3;4;1;2;4;3;4;4;4;7;7;6;4;6;6;9;2;7
732;5;5;5;5;5;5;5;5;5;3;3;3;2;3;3;3;3;3;3;3;2;2;4;3;4;4;4;7;5;5;5;7;5;5;4;7
733;2;2;2;2;2;2;5;2;2;9;9;9;2;3;3;3;3;3;3;3;1;1;3;3;3;3;4;7;5;6;6;6;5;2;4;7
734;6;7;6;6;6;6;6;6;6;9;9;9;3;3;3;3;3;3;3;3;1;2;4;2;4;2;4;6;6;6;6;6;6;6;6;2
735;6;6;6;6;6;6;6;6;6;3;3;3;3;3;3;3;3;3;3;3;1;1;4;3;4;4;4;6;6;6;6;6;6;6;6;6
736;2;2;2;4;4;4;4;2;2;3;3;3;2;3;3;3;3;3;3;3;1;2;3;3;4;4;4;6;6;6;6;6;6;6;6;7
737;5;6;6;5;6;6;6;6;6;2;2;2;3;3;3;2;3;3;3;3;1;2;3;3;4;4;4;6;6;6;5;5;5;5;4;7
738;5;6;6;5;6;6;6;6;6;9;9;9;3;3;3;3;3;3;3;3;1;2;3;3;4;4;4;6;6;6;5;5;5;5;4;7
739;7;7;7;5;5;7;4;7;5;2;3;3;1;2;3;3;2;4;3;4;4;3;2;4;4;4;4;6;5;6;7;6;4;6;4;6
740;5;3;5;4;4;6;3;5;3;9;9;2;3;4;4;4;3;4;4;4;2;1;4;4;4;4;4;7;9;9;5;9;6;3;9;7
741;5;2;7;5;3;5;5;5;4;3;3;3;1;3;3;3;1;3;3;1;2;3;4;4;4;4;4;7;7;7;7;5;6;1;4;7
742;4;5;7;4;1;7;4;6;1;4;4;2;2;4;4;3;2;4;4;4;1;1;3;4;4;4;4;7;3;4;4;3;5;1;1;7
743;4;4;4;4;3;5;4;4;4;2;4;3;1;3;3;4;3;4;3;4;6;3;4;4;4;4;4;7;3;4;5;5;5;4;4;7
744;5;9;5;9;3;6;9;6;6;3;3;3;2;4;3;3;1;4;3;4;3;4;4;4;4;4;4;7;4;6;6;5;6;2;4;7
745;4;4;6;2;4;7;1;7;3;3;2;4;2;3;3;3;3;4;3;3;5;3;4;4;4;4;4;6;2;4;5;5;7;4;5;7
746;7;7;7;5;4;6;4;6;3;4;3;4;2;3;4;2;4;4;4;4;3;2;3;3;4;3;4;7;5;5;6;4;3;4;5;7
747;4;5;4;3;3;4;5;5;5;4;4;4;4;4;4;4;4;4;4;4;7;2;4;4;4;4;4;6;5;4;4;4;3;4;4;6
748;5;5;5;3;3;4;4;7;2;4;1;4;4;4;4;4;4;4;4;4;7;3;4;4;4;4;4;7;3;4;5;4;2;5;4;7
749;4;4;4;1;1;3;4;5;6;4;2;4;4;4;4;4;4;4;4;4;6;4;4;4;4;4;4;6;5;4;3;4;4;4;3;4
750;7;7;6;6;4;4;4;5;5;3;3;3;2;3;3;2;4;4;4;4;4;2;3;3;4;3;4;7;6;5;6;5;5;4;4;7
751;5;5;5;1;2;5;4;6;5;3;1;3;1;4;3;3;4;4;4;3;5;3;4;4;4;4;4;6;5;5;5;4;4;5;5;6
752;2;4;4;3;3;4;2;3;4;2;  ;2;1;4;4;4;4;4;4;4;6;3;4;4;4;4;4;6;5;4;3;3;6;5;2;7
753;5;5;5;5;5;5;5;5;5;3;4;3;3;4;4;3;4;4;4;4;4;2;4;4;4;4;4;6;6;5;4;4;5;4;4;6
754;7;6;6;6;6;6;5;5;6;3;1;2;2;3;3;3;3;4;4;3;5;3;4;4;4;4;4;7;3;4;4;2;3;6;4;7
755;5;7;5;2;2;3;3;4;4;3;3;3;1;4;4;4;4;4;4;4;6;3;4;4;4;4;4;7;5;5;5;5;6;4;5;7
756;5;6;7;6;5;5;4;4;4;4;4;4;2;3;4;4;4;4;3;3;6;4;4;4;4;4;4;7;6;5;3;5;5;4;5;7
757;3;4;5;4;4;5;5;5;6;2;2;2;2;4;4;4;4;4;4;4;4;3;4;4;4;4;4;6;6;5;5;6;5;4;4;6
758;7;7;7;3;4;5;5;6;3;4;4;4;2;2;2;2;4;4;4;0;5;2;4;3;4;4;4;7;6;5;4;5;4;4;4;7
759;2;4;6;1;1;1;1;9;1;4;9;4;2;4;4;4;3;2;9;3;3;2;4;4;4;3;4;7;5;7;6;7;9;9;7;7
760;5;9;7;4;6;4;4;9;3;9;3;9;1;4;4;4;4;4;3;3;4;3;4;4;4;1;4;7;7;7;7;7;5;5;7;7
761;7;7;7;4;4;9;9;3;3;4;4;4;2;4;2;3;2;4;4;4;2;1;3;3;1;3;3;7;7;7;7;7;9;5;9;7
762;5;9;7;5;9;4;1;4;3;3;9;3;2;3;3;9;3;9;9;2;2;3;3;3;4;3;4;7;6;6;9;7;7;6;7;7
763;7;7;7;5;1;6;4;7;5;4;4;4;3;3;3;4;4;4;4;3;3;4;4;4;4;4;4;7;6;6;6;6;6;5;7;7
764;6;7;7;5;1;7;5;6;4;4;4;4;3;3;4;4;4;4;4;3;4;4;4;4;4;4;4;7;7;7;7;7;7;7;7;7
765;6;7;7;6;5;5;6;7;4;4;4;4;4;3;4;4;4;4;4;3;2;4;4;4;4;4;4;7;6;6;6;6;7;5;7;7
766;6;7;7;7;4;6;7;5;3;4;4;4;2;4;3;3;3;4;3;3;2;3;4;4;4;4;4;7;7;6;6;6;6;3;6;7
767;6;7;7;6;4;6;5;6;5;4;3;4;4;3;4;4;4;4;4;4;4;2;4;4;4;4;4;7;6;5;5;6;5;5;7;7
768;3;7;7;4;1;5;4;5;4;4;3;3;3;3;4;5;3;4;4;3;4;4;4;4;4;4;4;7;6;6;6;6;5;5;7;7
769;6;7;7;5;2;6;6;7;6;4;4;4;3;2;4;4;3;3;3;3;3;3;4;4;4;4;4;7;7;6;6;6;7;6;7;7
770;7;7;7;6;3;6;6;7;5;4;4;4;3;3;3;3;3;3;3;3;3;5;4;4;4;4;4;7;7;7;7;7;7;7;7;7
772;5;5;6;5;4;5;6;5;5;4;4;4;2;4;4;3;3;3;3;3;2;3;4;4;2;4;4;5;4;5;5;4;5;6;5;6
773;6;5;6;6;5;6;5;7;7;3;3;3;2;4;3;3;3;3;3;3;2;2;4;4;2;4;4;7;6;5;5;4;4;5;4;4
774;4;5;5;4;6;5;5;6;6;4;4;4;2;4;3;4;4;4;4;3;2;2;4;4;2;4;4;7;5;7;7;7;7;6;6;7
775;5;4;5;5;5;5;5;5;5;4;4;4;2;4;3;3;3;3;3;3;3;2;4;4;2;4;4;6;5;5;5;5;5;6;6;6
776;5;5;7;6;6;6;6;6;6;4;4;4;2;4;4;4;4;4;4;4;1;3;4;4;4;4;4;7;7;7;7;7;7;6;5;7
777;5;5;5;5;5;5;4;4;4;4;4;4;3;4;4;4;3;3;3;3;2;3;4;4;2;3;4;6;6;6;6;6;6;4;5;7
778;5;5;5;4;5;5;4;5;5;9;9;9;2;4;4;4;3;4;4;3;2;2;4;4;4;4;4;6;5;5;5;5;4;5;4;7
779;5;5;6;6;5;5;5;5;5;3;4;3;2;4;3;3;3;3;3;3;1;3;4;4;4;4;4;7;7;7;7;7;7;6;7;7
780;7;6;6;7;6;6;6;6;6;3;9;3;2;4;4;3;3;4;4;3;2;2;4;4;4;4;4;6;5;5;5;5;5;6;9;5
781;7;7;7;4;4;4;4;4;4;3;4;3;1;4;3;3;3;4;4;4;2;2;4;4;2;4;4;6;5;6;4;5;5;5;5;5
782;3;5;4;5;6;5;5;5;5;3;3;3;2;4;3;3;3;4;3;3;2;3;4;4;2;4;4;7;6;6;5;5;6;5;5;7
783;5;5;5;5;6;5;7;6;5;4;4;4;2;4;3;4;4;4;4;4;2;2;4;4;1;4;4;7;7;7;7;7;7;7;7;7
784;5;6;7;4;3;5;3;5;4;9;2;3;1;3;4;3;3;4;4;4;2;3;4;4;4;4;4;7;5;4;5;6;9;3;6;7
785;7;6;7;5;4;5;9;6;5;3;3;3;1;3;3;3;3;3;3;3;1;4;4;4;4;4;4;7;6;6;6;7;4;5;3;7
786;6;6;7;3;4;5;4;6;5;3;2;3;1;3;3;2;2;4;4;3;2;3;4;3;2;1;4;6;6;7;5;7;4;2;4;7
787;5;5;6;4;3;4;3;6;5;2;9;3;3;3;3;3;3;4;4;3;1;2;4;4;4;4;4;7;6;6;9;5;4;3;3;7
788;5;6;6;4;2;4;5;5;3;2;2;3;3;3;9;3;3;4;4;4;2;1;4;4;4;4;
789;4;6;7;4;3;5;3;6;5;4;9;3;1;3;3;3;3;4;4;4;1;5;4;4;3;4;4;7;7;7;6;7;4;3;7;7
790;6;4;6;5;3;7;1;5;2;2;3;1;1;4;4;4;4;4;4;4;1;2;4;4;4;4;4;7;7;5;5;5;4;6;6;7
791;6;6;6;7;6;7;2;6;2;2;1;4;1;4;4;3;3;4;4;4;1;2;4;4;2;2;2;7;3;7;7;6;5;6;7;7
792;6;5;7;3;1;2;1;5;4;4;3;2;1;3;3;3;3;4;4;2;1;2;4;2;1;4;4;7;5;5;2;5;7;6;2;7
793;5;3;6;3;5;6;4;5;3;4;4;9;1;4;3;4;3;4;2;2;1;1;3;4;2;1;1;7;6;7;5;7;3;9;5;7
794;5;4;6;2;3;6;1;5;4;3;2;2;1;4;4;2;4;4;4;4;1;1;4;3;1;2;4;5;6;3;5;4;5;9;2;7
795;7;7;7;5;4;7;5;6;5;4;2;3;1;3;3;3;2;4;2;4;1;1;4;2;1;4;4;7;7;6;3;5;5;3;4;7
796;7;6;7;7;6;7;3;6;5;2;1;2;1;3;2;3;3;4;4;4;1;2;1;4;1;4;4;7;4;6;3;6;1;5;3;7
797;7;6;7;5;6;4;2;6;4;2;1;2;1;4;3;4;4;4;4;4;1;2;4;4;1;4;3;7;5;7;6;7;3;5;4;7
798;6;4;6;2;1;2;2;6;4;4;2;2;3;3;3;4;3;3;4;4;7;1;4;4;4;4;4;7;5;4;6;5;4;0;0;7
799;7;6;6;7;7;7;2;6;5;4;2;4;1;4;2;3;4;4;4;4;1;2;4;3;2;4;4;7;5;6;7;6;6;5;0;7
800;7;7;7;7;2;6;1;5;1;4;4;4;1;3;2;2;2;1;4;4;1;4;4;2;1;3;4;7;6;7;7;7;5;3;0;7
801;5;6;3;2;2;5;0;3;1;4;3;4;2;4;3;4;3;4;4;4;1;1;4;4;4;4;4;7;7;7;6;7;5;5;2;7
802;3;3;5;2;2;3;2;5;5;4;4;4;2;4;3;2;2;4;3;3;1;5;4;4;4;3;4;7;5;7;7;7;4;4;4;7
803;5;4;4;3;5;5;5;5;5;4;3;4;2;4;3;3;4;4;4;4;1;9;4;4;4;3;4;7;6;7;4;7;6;3;5;7
804;2;5;4;4;3;2;3;3;3;4;4;4;3;4;3;4;4;4;4;4;2;4;4;4;4;4;4;7;5;5;6;7;4;5;6;5
805;5;5;5;1;1;1;2;3;2;4;4;4;2;4;3;4;4;4;4;4;2;4;4;4;4;2;4;7;6;6;3;5;5;3;3;7
806;6;7;6;6;6;3;4;4;6;4;4;4;3;3;2;2;3;2;3;3;2;5;4;4;4;4;4;7;5;5;3;3;6;5;4;7
807;3;5;3;1;1;1;1;1;1;4;2;2;1;3;3;3;3;4;3;1;2;4;4;4;4;4;4;7;4;4;7;7;4;1;4;7
808;1;2;2;3;2;3;2;2;3;3;4;4;2;3;2;4;3;3;2;2;5;3;2;3;3;2;3;4;3;3;5;4;3;4;5;4
809;4;7;7;5;5;4;6;6;4;3;3;3;2;1;3;3;4;3;4;3;1;5;4;4;4;3;3;7;7;5;5;6;7;6;4;7
810;7;6;7;4;3;5;6;6;5;4;3;3;2;1;2;2;3;4;3;2;1;3;4;2;1;4;3;6;5;6;6;6;7;5;7;6
811;6;6;5;5;4;5;5;7;6;3;3;3;3;3;4;4;3;3;4;3;2;3;4;3;3;4;4;6;6;5;6;7;6;5;6;6
812;1;1;1;3;4;4;3;2;1;3;4;4;2;3;3;3;4;4;3;4;2;1;4;3;2;4;4;6;4;5;5;6;6;4;6;6
813;1;2;3;2;1;4;4;4;2;4;2;1;1;1;2;1;3;4;2;1;1;4;4;3;4;3;4;4;3;5;6;7;3;2;6;6
814;1;1;2;1;1;5;6;5;4;4;3;3;2;1;2;4;3;4;2;1;2;3;3;2;3;3;4;5;5;7;6;7;4;4;6;7
815;7;7;6;6;4;3;4;3;3;4;3;3;3;2;3;2;0;4;3;4;2;3;3;2;1;2;3;6;3;5;5;6;5;3;6;5
816;6;5;5;6;6;6;5;5;6;2;2;2;4;3;3;3;4;3;3;4;2;2;4;4;4;4;4;5;6;6;5;5;5;5;6;5
817;5;5;6;5;5;6;5;5;6;2;2;2;4;4;3;3;4;4;3;4;1;1;4;4;4;4;4;2;3;3;3;3;3;4;6;6
818;6;5;5;5;5;6;6;6;6;2;2;2;4;3;4;4;4;3;3;3;2;2;4;4;4;3;4;2;2;2;2;3;3;3;2;2
819;6;5;5;6;6;5;6;5;5;3;3;3;3;3;4;4;3;3;3;3;2;1;4;4;4;4;4;6;6;5;5;6;5;5;6;6
820;6;5;5;5;5;6;6;6;5;2;2;2;4;4;4;4;4;4;4;4;2;1;4;4;4;4;4;5;5;6;6;6;5;6;6;5
821;5;5;5;6;6;6;5;5;6;3;3;3;4;4;4;4;4;4;4;4;2;1;4;4;4;4;4;5;6;6;6;5;6;6;5;6
822;6;5;5;5;5;6;5;5;5;2;2;2;4;4;4;4;4;4;4;4;2;1;4;4;4;4;4;2;2;3;3;3;3;4;4;3
823;5;5;6;5;5;6;6;5;5;2;2;2;3;3;3;3;4;4;4;4;2;1;4;4;4;4;4;6;6;5;5;5;6;6;6;5
824;2;6;4;7;1;9;4;1;1;1;4;4;4;4;4;4;4;4;4;4;1;1;4;4;4;3;4;1;1;9;7;7;7;7;7;7
825;2;3;3;2;2;3;2;2;2;4;4;4;2;2;2;2;9;9;9;9;2;1;3;3;1;9;3;5;7;6;7;6;6;9;5;7
826;5;0;0;4;9;7;9;0;0;9;9;9;9;0;0;2;3;0;3;2;1;4;3;2;2;4;4;7;0;7;7;7;9;9;9;7
827;5;4;3;6;9;5;5;2;1;9;2;9;4;4;4;4;4;4;4;4;1;2;4;4;2;3;3;7;3;7;7;7;9;9;9;7
828;7;1;7;7;1;7;4;7;1;9;9;1;2;9;2;2;9;4;9;4;1;1;4;4;2;4;4;7;2;7;6;9;9;9;6;7
829;7;7;6;6;4;6;1;5;4;4;2;4;2;4;2;0;3;4;0;4;1;5;4;0;1;1;9;7;7;7;7;7;6;3;7;7
830;9;9;9;7;1;4;4;0;0;9;1;1;2;0;9;2;1;4;2;3;1;1;4;3;3;3;3;7;9;7;7;7;9;9;9;7
831;7;7;7;7;3;5;5;6;3;4;1;3;2;1;2;3;3;3;4;3;2;2;4;4;2;4;4;4;7;7;7;7;7;6;7;7
832;3;3;3;3;5;4;4;3;3;2;2;2;3;3;3;4;4;4;4;3;5;3;4;4;2;4;4;2;4;3;4;4;2;3;3;5
833;3;6;6;4;3;4;3;3;3;3;3;3;3;3;3;3;3;4;4;3;4;3;4;4;1;4;4;7;7;4;4;6;4;3;2;7
834;6;6;6;4;4;4;4;5;5;2;2;2;1;3;3;3;3;4;3;3;4;4;4;4;1;4;4;6;4;4;5;4;3;5;2;6
835;2;6;6;4;3;5;5;6;4;2;2;2;3;4;3;3;4;4;4;4;5;3;4;4;4;4;4;6;4;5;3;4;1;5;1;6
836;3;3;3;3;2;2;4;4;3;3;2;2;2;4;2;4;4;4;4;4;4;2;4;2;4;4;4;6;5;5;5;4;4;4;4;5
837;5;5;5;4;3;4;4;6;5;3;2;3;2;4;2;4;4;4;4;4;3;2;4;3;1;4;4;6;4;4;5;5;2;4;2;6
838;3;4;5;4;3;5;3;4;4;3;2;3;2;4;4;4;4;4;4;4;5;3;4;4;4;4;4;5;4;4;4;3;3;3;3;5
839;7;7;7;7;7;6;7;7;7;2;2;2;2;4;3;1;1;3;3;4;1;3;4;4;1;3;3;7;7;7;7;6;7;7;7;7
840;7;7;7;5;5;7;5;7;5;4;2;4;2;4;4;4;4;3;4;4;7;5;4;4;4;4;1;7;7;7;7;6;7;5;5;7
841;2;4;5;1;4;4;1;5;1;3;3;3;4;4;4;4;4;4;4;4;2;3;4;4;4;4;4;5;5;5;3;5;7;4;7;7
842;7;7;7;4;3;7;4;6;5;4;4;4;1;4;1;4;2;4;4;4;1;5;4;4;4;4;4;7;7;7;7;7;7;7;7;7
843;4;7;7;7;5;7;5;7;6;3;3;4;2;2;2;2;2;1;4;4;1;3;4;3;4;4;4;7;7;7;7;7;7;7;7;7
844;7;7;7;6;7;7;7;7;7;4;4;4;1;4;4;2;3;4;4;4;5;1;4;4;4;4;1;7;7;7;1;4;4;1;7;7
845;7;5;6;3;4;5;2;5;3;4;4;4;1;4;4;4;4;4;4;4;1;2;3;3;4;4;4;7;7;7;6;4;7;1;7;7
846;1;1;5;2;3;4;1;3;4;3;2;2;3;3;3;3;4;3;3;3;1;4;4;4;4;4;4;6;6;5;2;3;5;6;6;7
847;1;4;3;5;5;7;6;7;7;3;3;3;1;4;4;4;4;4;4;2;1;4;4;4;4;4;4;7;7;7;7;7;7;7;7;7
848;7;7;7;4;1;7;7;6;6;3;2;2;1;4;4;3;3;4;4;3;1;3;4;4;4;4;3;7;5;5;7;6;7;4;4;6
849;1;5;6;3;1;5;4;5;5;4;2;1;4;4;4;4;4;4;4;1;3;3;4;4;4;4;4;7;2;6;4;5;4;1;7;7
850;7;7;7;3;1;3;5;6;6;4;2;2;4;4;3;3;4;4;4;3;4;2;4;4;4;4;4;7;3;7;6;6;7;1;1;7
851;4;3;5;4;4;5;3;4;5;4;3;4;4;3;4;4;4;3;3;3;3;2;4;4;4;4;4;5;4;6;5;5;4;5;6;7
852;1;1;3;3;1;3;4;3;3;1;1;1;2;3;3;3;3;3;3;3;2;3;4;4;4;3;4;7;1;5;7;7;7;1;1;5
853;7;7;7;7;5;7;6;6;6;4;1;1;1;3;4;3;4;4;4;1;1;4;4;4;4;3;3;7;4;4;7;7;7;1;1;7
854;2;1;1;3;5;4;3;1;1;4;4;4;2;3;4;3;4;4;4;4;1;1;4;4;2;4;4;7;4;5;5;7;6;4;7;7
855;2;3;2;2;1;4;3;2;2;3;2;1;2;2;2;4;4;4;3;2;5;3;4;4;4;2;4;6;4;4;7;7;3;3;0;7
856;1;1;1;1;1;6;6;5;4;4;3;3;1;1;2;4;4;4;2;1;3;4;4;2;4;4;4;6;5;6;7;7;4;4;7;7
857;6;7;7;4;3;5;6;6;4;4;3;3;1;1;2;2;3;4;3;1;1;2;4;2;2;4;4;6;6;6;6;7;7;4;7;7
858;2;2;3;2;1;4;5;4;2;4;2;1;1;1;1;1;4;4;2;1;2;4;4;4;4;3;4;4;3;5;7;7;3;1;7;7
859;7;6;4;7;7;2;2;2;2;4;4;3;1;1;1;4;2;4;4;1;5;3;4;3;3;4;4;7;4;5;7;7;3;2;7;7
860;6;7;7;6;3;4;4;3;3;4;3;3;3;3;2;2;4;4;4;1;1;2;4;2;2;2;3;7;2;6;5;7;4;1;7;7
861;4;6;7;4;4;6;7;6;4;4;4;3;1;1;2;4;4;4;4;1;5;2;4;3;4;4;4;7;5;5;7;7;6;2;7;7
862;1;1;1;1;1;3;3;3;3;1;1;1;1;1;1;4;4;4;4;4;4;2;4;4;4;4;4;6;2;5;7;7;2;2;2;7
863;2;3;3;2;3;2;3;2;2;3;3;2;2;2;2;3;3;3;2;2;5;3;3;3;3;2;2;5;3;3;6;6;3;3;6;4
864;2;2;2;2;2;3;2;3;3;4;4;4;3;3;2;4;4;3;3;2;4;3;3;3;3;2;3;5;3;3;5;5;3;4;5;4
865;4;6;6;3;3;5;5;4;3;4;4;3;1;1;2;3;3;3;3;2;5;2;4;3;4;4;4;7;6;6;7;7;6;2;7;6
866;4;6;6;4;4;3;5;5;3;3;3;3;2;1;3;3;4;3;4;3;2;5;3;3;3;2;2;6;6;5;5;4;5;6;6;5
867;1;1;1;1;1;4;6;5;3;4;3;3;1;1;3;4;4;4;3;1;5;3;4;4;4;4;4;7;2;5;7;7;6;6;6;6
868;4;5;6;3;1;5;5;5;5;4;4;4;2;2;3;4;4;4;4;1;3;3;4;4;4;4;4;7;7;7;7;7;4;4;7;7
869;3;2;2;3;5;4;3;2;2;4;4;4;2;3;3;3;4;4;3;3;2;1;3;3;2;3;3;6;4;5;5;6;5;4;6;6
870;6;6;7;6;5;5;5;5;5;3;2;4;1;3;3;3;3;2;3;1;3;2;4;4;1;2;3;7;7;7;7;7;7;6;6;7
871;5;6;7;5;5;5;5;6;6;2;2;3;1;3;3;3;3;3;4;3;2;2;4;4;2;2;4;7;7;7;7;7;7;6;6;7
872;7;7;7;7;7;7;6;7;6;2;2;3;1;1;2;2;2;2;2;1;1;3;4;4;1;1;1;7;7;7;7;7;7;7;7;7
873;5;5;7;5;5;5;5;6;5;3;3;4;1;2;2;2;3;3;4;3;2;2;3;4;1;1;3;7;7;7;6;6;6;6;6;6
874;5;6;7;6;6;6;5;6;5;2;2;3;1;2;3;2;3;3;4;3;2;2;3;4;2;1;3;7;7;6;7;7;6;7;7;7
875;5;5;6;5;4;5;5;5;5;3;2;3;1;2;3;3;3;3;3;3;2;3;4;4;2;2;3;7;6;7;6;6;6;5;7;7
876;2;7;7;7;4;6;5;6;5;3;2;3;1;3;4;2;2;3;4;3;2;2;3;2;4;4;3;7;7;7;7;7;0;7;7;7
877;5;7;7;5;4;5;5;9;9;4;9;3;3;3;3;3;3;4;3;3;4;3;4;4;4;4;4;7;4;7;5;6;7;6;7;7
878;5;5;5;5;4;5;4;5;4;4;9;4;3;4;4;4;4;4;4;4;2;2;4;4;4;4;4;7;5;5;5;6;7;7;7;7
879;6;6;7;6;6;6;6;6;6;3;3;3;4;4;4;4;4;4;4;4;4;1;4;4;4;4;4;6;7;7;7;7;7;0;5;7
880;7;4;7;7;5;5;7;7;7;4;4;4;4;4;4;4;4;4;4;4;2;1;4;4;4;4;4;7;7;6;7;7;6;7;7;7
881;7;7;7;7;4;5;5;7;7;3;3;3;4;4;4;4;4;4;4;4;2;1;4;4;4;4;4;7;7;6;7;7;6;6;4;5
882;6;4;7;7;7;7;7;4;4;3;3;3;4;4;4;4;4;4;4;4;3;2;4;4;4;4;4;7;7;7;7;7;7;7;7;7
883;7;7;7;7;7;7;7;7;7;3;3;3;4;4;4;4;4;4;4;4;3;2;4;4;4;4;4;7;7;7;7;7;7;7;7;7
884;7;6;7;6;6;6;6;6;6;2;2;2;4;4;4;4;4;4;4;4;4;2;4;4;4;4;4;6;7;7;7;7;7;7;7;7
885;6;7;7;7;7;7;7;7;7;4;4;4;4;4;4;4;4;4;4;4;6;1;4;4;4;4;4;7;7;6;6;7;6;6;2;5
886;7;7;7;7;7;7;7;7;7;3;3;3;4;4;4;4;4;4;4;4;4;1;4;4;4;4;4;7;7;7;7;7;7;7;7;7
887;3;7;7;1;1;7;1;5;2;4;4;3;2;4;2;4;3;4;4;4;2;1;4;3;4;4;4;7;6;6;2;9;3;4;7;7
888;3;5;5;1;1;5;1;3;2;2;3;3;4;4;4;4;3;3;4;4;2;2;4;4;4;4;4;7;6;6;6;6;4;6;5;7
889;3;6;6;1;1;6;1;5;2;4;4;4;2;4;2;4;3;2;4;4;2;3;4;2;4;3;4;7;2;6;7;7;1;2;6;7
890;5;6;6;3;1;4;1;4;1;4;4;4;2;4;4;3;4;4;4;4;4;3;4;2;4;1;4;7;3;5;5;4;5;1;6;7
891;7;7;7;4;1;5;2;5;0;2;4;4;3;3;3;3;3;9;4;3;3;3;4;4;4;4;4;7;7;7;4;4;5;5;5;7
892;5;7;7;1;1;4;4;5;5;3;3;4;2;4;3;3;3;4;4;4;4;3;4;3;4;4;4;7;7;6;6;6;5;3;3;7
893;6;6;5;1;1;3;3;4;3;3;3;4;3;4;3;3;3;4;4;4;6;2;4;4;4;4;4;7;7;7;6;6;5;6;7;7
894;6;7;7;5;3;3;1;4;3;3;3;3;3;4;4;3;4;3;4;4;2;2;4;4;4;4;4;7;5;7;7;5;1;6;7;7
895;3;3;3;3;3;3;3;3;3;3;3;3;3;3;3;3;3;3;3;3;3;3;3;3;3;3;3;3;3;3;3;3;3;3;3;3
896;5;7;5;5;1;1;1;1;1;2;1;4;2;2;3;3;2;4;3;1;4;2;4;4;4;3;3;7;5;7;7;7;7;6;5;7
897;5;7;7;1;1;5;1;6;4;2;4;4;2;2;3;4;3;4;4;3;6;3;4;4;4;3;4;7;6;6;7;7;7;3;7;7
898;5;7;7;1;1;5;1;6;4;2;4;4;2;2;3;4;3;4;4;3;6;3;4;4;4;3;4;7;6;6;7;7;7;3;7;7
899;7;7;7;7;5;7;4;6;5;4;4;4;1;1;1;1;2;2;4;2;3;5;4;1;3;1;3;5;6;7;7;5;1;5;6;7
900;7;7;7;7;3;6;5;6;6;3;3;4;1;1;1;3;1;4;3;1;2;3;4;4;4;1;1;7;7;7;5;6;3;3;2;7
901;1;1;1;1;1;3;7;4;4;2;1;4;1;1;2;4;4;4;4;4;2;4;4;4;4;3;3;7;3;4;7;5;4;1;1;7
902;1;1;4;1;1;7;7;5;7;2;2;3;1;1;1;4;4;2;4;4;6;4;4;4;4;1;3;7;5;3;4;7;6;7;7;7
903;5;5;5;3;2;5;5;5;4;3;3;3;3;3;3;4;4;4;3;3;6;3;4;4;4;4;4;7;5;4;5;6;4;4;3;7
904;4;4;4;2;1;4;5;4;4;3;2;3;2;2;3;3;3;4;3;3;4;3;4;4;4;3;4;7;1;6;5;5;1;1;1;7
905;5;5;5;3;1;5;9;5;3;4;9;4;3;3;4;4;4;4;3;3;6;3;4;4;4;4;4;7;4;5;9;6;9;3;3;7
906;1;1;1;1;1;1;1;1;1;9;9;9;3;4;4;4;4;4;3;3;7;4;4;4;4;4;4;7;1;4;4;4;2;1;1;6
907;7;6;7;6;5;5;5;5;5;4;3;3;2;1;3;2;2;3;3;4;2;2;3;3;4;4;4;7;6;7;5;4;4;5;1;7
908;5;5;6;5;5;5;5;6;5;3;4;3;2;4;4;3;9;4;3;2;3;2;4;4;4;4;4;6;4;5;5;5;4;4;6;7
909;5;3;3;2;1;4;4;5;2;4;9;3;3;3;3;4;3;4;3;3;5;3;4;4;4;4;4;7;6;5;5;6;4;4;5;7
910;1;1;1;1;3;2;9;4;4;4;2;3;3;3;3;4;4;4;3;3;6;3;4;4;4;4;4;7;6;5;5;6;4;2;1;7
911;6;6;7;5;3;4;1;6;5;3;3;3;1;3;4;3;3;4;3;1;4;3;4;4;4;3;4;7;6;5;6;6;1;5;6;7
912;4;4;4;6;2;7;7;4;5;3;1;2;2;1;2;2;3;3;3;4;2;1;4;3;2;4;4;6;3;6;6;6;6;2;6;6
913;7;6;6;5;6;7;7;6;4;3;3;4;1;3;3;2;1;1;2;3;2;5;3;3;1;1;9;7;5;5;5;3;7;1;1;7
914;6;5;6;6;4;6;5;4;3;2;3;2;2;3;3;2;1;2;3;3;2;2;3;3;4;2;3;5;6;7;7;7;6;2;2;6
915;7;9;5;7;7;7;5;2;1;4;4;1;2;1;2;2;1;3;2;2;1;1;3;3;4;3;3;5;3;7;6;7;7;1;1;3
916;5;5;7;5;4;6;5;5;4;3;4;4;2;3;3;3;2;4;3;4;2;3;3;4;3;3;3;5;6;6;6;6;3;2;6;7
917;1;6;7;3;1;4;1;5;4;4;4;4;4;4;4;3;3;4;4;4;1;4;4;4;4;4;4;7;5;5;6;4;7;5;0;7
918;4;1;5;2;3;4;1;4;9;4;4;2;4;4;4;4;4;3;4;4;2;3;4;3;3;3;4;5;4;6;6;6;7;9;0;7
919;6;6;7;7;4;5;0;4;4;3;3;9;2;2;2;2;9;0;0;0;1;5;3;3;4;4;4;6;5;5;7;6;7;2;4;7
920;1;7;7;4;1;2;2;2;2;4;4;4;4;9;9;9;4;4;4;4;2;5;4;4;4;4;4;7;3;4;5;5;9;9;9;0
921;3;5;4;4;3;2;3;3;2;3;3;0;4;4;4;4;4;4;4;4;1;5;4;4;4;4;4;5;4;5;4;4;4;4;4;4
922;2;6;6;2;1;1;1;1;1;4;9;9;2;2;2;2;2;2;4;4;4;1;3;3;4;4;4;7;1;4;5;6;5;5;5;6
923;7;7;7;7;2;7;4;6;6;3;3;4;4;4;4;4;3;4;4;4;1;3;4;4;4;4;4;7;7;7;4;7;7;1;7;7
924;7;7;7;7;7;7;5;7;7;3;3;4;1;4;4;1;1;1;3;4;1;4;1;4;2;3;4;7;7;7;2;7;7;1;7;7
925;4;4;7;5;3;6;5;5;5;3;4;4;3;4;4;4;3;4;3;4;1;5;3;4;3;3;4;7;7;7;7;7;7;2;6;7
926;7;7;7;7;4;7;7;7;7;3;3;4;3;3;3;3;2;3;4;4;1;3;4;4;2;4;4;7;7;5;7;7;7;4;5;7
927;7;7;7;7;4;7;7;7;7;4;4;4;3;3;3;3;3;4;4;4;2;5;4;4;2;3;4;7;7;7;7;7;7;1;7;7
928;7;7;7;7;4;7;4;7;7;3;4;4;3;3;3;3;2;3;4;4;1;3;4;4;2;4;4;7;7;7;7;7;7;7;7;7
929;7;7;7;7;7;7;7;7;7;1;4;4;4;4;4;3;;;;4;1;5;4;4;2;3;4;7;7;7;7;7;7;1;7;7
930;7;7;7;7;7;7;5;7;7;4;4;4;3;3;3;2;2;2;3;4;1;5;3;4;3;4;4;7;7;7;7;7;7;2;7;7
931;4;6;7;3;1;4;1;7;4;4;3;3;1;4;3;3;4;4;4;3;6;4;4;4;2;3;1;7;1;7;7;7;4;1;7;7
932;5;6;7;5;2;3;5;6;7;3;3;9;4;4;4;4;3;3;3;3;6;5;4;3;4;4;3;6;6;6;6;5;6;5;4;7
933;7;7;7;5;4;6;5;6;5;3;2;3;2;4;2;2;3;2;4;4;3;3;3;3;4;3;4;7;5;6;6;7;5;5;5;7
934;7;7;7;4;2;3;4;7;7;2;2;2;2;2;2;2;4;3;3;3;5;3;4;3;4;4;4;7;7;7;7;7;7;6;7;7
935;5;5;4;3;2;3;4;5;4;4;4;4;2;4;4;4;4;4;4;3;5;3;4;4;4;4;4;7;7;7;7;7;7;7;7;7
936;7;7;7;7;3;6;5;5;4;3;3;3;2;4;4;4;4;4;4;4;4;2;4;4;4;4;4;7;7;7;7;7;7;7;7;7
937;7;6;5;5;4;4;6;6;6;4;4;3;2;4;2;2;2;4;3;3;5;4;4;3;4;3;4;7;5;4;6;5;6;5;6;7
938;5;5;5;2;2;0;4;3;2;2;2;2;2;4;4;4;4;4;4;4;6;5;4;4;4;4;4;7;5;5;5;5;7;4;7;7
939;7;7;7;7;3;5;5;4;4;4;1;2;2;2;4;2;2;3;4;4;1;2;4;3;3;3;3;7;7;7;7;7;7;7;7;7
940;7;7;7;4;6;6;5;5;5;4;4;2;1;1;2;1;2;4;3;4;2;2;1;3;2;4;3;7;7;7;7;7;5;4;3;7
941;6;6;6;5;4;4;9;6;4;4;4;4;1;0;4;9;9;4;4;9;5;4;4;4;4;4;4;7;4;5;5;5;9;9;3;7
942;4;7;5;3;2;9;9;6;3;4;3;3;9;4;3;0;3;4;3;3;6;4;4;4;4;4;4;7;7;7;6;4;6;4;4;7
943;9;9;5;3;2;2;2;0;3;3;3;3;9;4;0;0;4;4;4;4;7;2;4;4;4;4;9;7;9;5;6;9;5;4;4;7
944;3;6;6;6;2;6;3;5;4;3;3;3;2;9;3;0;0;0;0;0;6;2;4;4;4;4;4;7;5;6;6;6;6;6;5;7
945;5;6;5;4;3;5;3;4;2;4;3;4;9;0;0;0;0;0;0;0;2;3;4;4;4;4;4;7;3;5;6;0;6;5;0;7
946;6;6;6;6;3;4;3;6;5;4;4;4;9;9;4;9;4;4;4;4;1;3;4;4;4;4;4;7;4;6;6;6;0;5;9;7
947;4;6;5;6;4;4;3;4;3;4;9;9;0;0;0;0;0;0;0;0;6;2;4;4;4;4;4;7;9;9;9;9;0;0;0;7
948;7;7;7;7;7;7;4;5;3;4;3;4;1;4;4;4;3;3;9;4;1;1;4;3;4;4;4;7;6;7;7;7;4;4;4;7
949;7;7;7;6;6;6;7;6;4;3;4;4;1;1;4;1;1;2;2;4;2;3;4;3;4;1;1;6;6;6;4;6;4;5;6;7
950;4;0;0;1;9;4;0;0;0;3;3;3;2;0;2;2;2;0;3;9;2;2;2;2;2;4;0;7;9;9;0;7;9;4;9;7
951;1;4;4;1;1;4;1;1;1;3;3;4;2;4;2;4;4;4;4;2;6;2;4;4;4;3;4;6;2;6;7;6;4;4;4;7
952;1;0;1;1;1;1;0;4;4;9;9;9;4;4;4;4;4;4;4;9;6;1;4;4;4;2;1;7;4;4;4;4;9;9;7;7
953;5;6;6;6;2;4;1;4;4;3;3;4;3;4;4;3;3;4;3;4;2;2;4;4;4;4;4;7;6;7;6;5;1;5;1;7
954;6;6;7;7;5;7;4;6;4;2;2;2;1;3;3;3;1;3;1;1;1;5;4;4;2;2;4;7;6;6;4;7;4;6;5;7.
955;4;4;4;1;4;9;1;9;9;9;3;3;2;9;9;9;3;9;3;3;1;1;3;3;4;3;3;4;4;4;9;9;9;9;7;7
956;5;7;7;5;4;6;4;6;5;3;3;3;2;9;3;2;2;2;3;4;2;2;4;3;4;3;4;7;6;6;4;7;4;6;6;7
957;7;6;6;6;7;6;7;6;6;3;3;3;4;4;4;4;4;4;4;4;2;1;4;4;4;4;4;7;6;4;4;5;6;6;3;7
958;7;4;7;6;6;6;7;7;7;3;3;3;4;3;4;4;4;4;4;4;2;1;4;4;4;4;4;7;6;7;7;7;7;7;7;7
959;7;6;7;7;7;7;6;7;6;2;2;2;4;4;4;4;4;4;4;4;2;1;4;4;4;4;4;7;6;6;7;7;7;7;7;7
960;1;3;5;5;5;6;6;6;6;2;2;2;4;3;4;4;4;3;3;3;2;1;4;4;4;4;4;7;6;7;7;7;7;7;7;7
961;6;7;7;6;6;7;6;6;6;3;3;3;4;4;4;4;4;4;4;4;2;1;4;4;4;4;4;6;6;6;7;6;7;6;7;7
962;6;4;6;7;7;7;7;6;6;3;3;3;4;4;4;4;4;4;4;4;2;1;4;4;4;4;4;7;5;5;6;7;7;7;4;7
963;7;5;7;7;5;5;5;5;6;3;3;3;4;4;4;4;4;4;4;4;2;1;4;4;4;4;4;7;7;7;7;7;7;7;6;7
964;6;4;5;4;4;4;4;4;4;3;3;3;4;4;4;4;4;4;4;4;2;1;4;4;4;4;4;6;6;7;7;6;6;6;6;6
965;7;7;7;7;7;7;7;7;7;4;4;4;1;4;4;4;4;4;4;4;1;4;3;3;3;3;3;7;7;7;7;7;7;7;7;7
966;4;4;4;4;4;4;4;7;7;9;9;9;1;3;3;2;3;4;4;4;2;2;4;3;3;3;3;4;5;5;6;6;6;5;7;5
967;2;3;3;2;2;3;4;6;7;3;4;4;4;4;4;4;4;4;4;4;3;1;4;3;4;3;4;7;7;7;5;5;5;7;1;7
968;3;5;7;4;1;4;4;2;6;4;4;4;4;4;4;4;4;4;4;4;4;2;4;4;4;4;4;6;7;5;5;5;7;2;3;7
969;6;5;5;5;5;6;7;7;7;0;9;9;3;3;3;3;3;3;3;3;4;2;4;4;4;4;4;5;5;5;5;6;7;6;6;7
970;7;7;7;7;7;7;7;7;7;9;9;9;9;9;9;4;9;9;9;4;3;1;4;3;3;4;4;7;7;7;7;6;6;7;7;7
971;5;4;6;4;1;4;2;6;5;3;3;3;0;4;4;3;3;3;3;3;1;2;9;0;4;3;4;7;6;5;5;4;6;6;7;7
972;3;3;3;3;3;4;4;4;4;1;1;1;3;3;3;3;3;3;3;0;2;2;4;4;4;4;4;4;4;4;5;5;5;5;5;7
973;4;4;7;4;4;6;4;5;5;9;9;9;4;4;4;4;4;4;4;4;2;3;4;4;4;4;4;7;7;7;6;6;6;6;6;6
974;7;7;7;7;5;7;5;7;7;2;2;2;1;4;4;4;4;4;4;4;4;4;4;4;4;4;4;7;5;6;7;6;6;7;6;7
975;1;4;6;7;5;5;5;5;6;4;4;4;1;4;3;3;3;4;3;3;5;2;4;4;4;4;4;7;7;7;6;5;6;6;7;7
976;5;5;7;6;6;7;5;6;7;4;4;4;1;1;4;4;4;4;4;3;3;4;4;4;4;3;4;7;7;7;7;7;7;7;7;7
977;3;3;7;7;3;4;5;6;7;4;4;4;4;4;4;4;4;4;4;4;6;2;4;4;4;4;4;7;7;7;7;7;7;7;5;7
978;7;6;6;7;7;6;7;7;7;3;3;3;1;4;4;4;4;4;4;4;1;2;3;3;4;4;3;6;6;6;7;7;7;5;6;7
979;2;2;6;5;4;4;4;4;4;3;3;3;1;3;3;2;2;4;4;4;1;3;4;4;4;3;3;7;6;6;6;6;6;1;6;6
980;2;4;7;7;3;4;4;4;4;2;2;2;1;3;3;3;3;3;3;3;1;3;3;3;4;3;4;7;7;7;7;6;6;7;7;7
981;6;6;6;4;2;5;3;5;5;4;2;2;2;3;2;2;1;4;4;4;2;2;4;3;2;3;4;6;4;5;4;6;2;4;5;7
982;5;6;6;4;2;5;2;5;5;4;3;3;4;4;3;2;3;2;4;4;2;2;4;3;4;3;4;6;5;6;4;6;3;4;5;7
983;5;6;7;3;1;5;2;5;6;4;2;3;2;4;2;2;4;4;4;4;2;2;4;3;3;4;4;6;4;5;5;6;2;3;5;6
984;1;7;7;4;2;7;1;7;7;1;3;3;9;9;4;4;4;4;4;4;2;3;4;4;1;3;4;7;7;6;9;9;6;9;7;7
985;7;7;7;2;7;5;3;5;5;2;4;9;3;4;4;3;4;3;4;4;2;9;4;3;2;4;4;7;7;5;5;5;6;6;6;7
986;5;4;5;2;2;2;1;2;1;4;4;3;1;3;3;3;3;4;4;2;2;4;4;2;2;4;4;5;4;5;6;7;1;1;7;7
987;7;7;7;4;1;3;2;2;1;4;4;4;2;3;4;2;2;4;4;4;2;2;4;4;1;4;4;6;4;5;5;6;1;1;4;7
988;5;5;5;6;3;5;1;4;2;4;4;4;4;4;4;4;4;4;4;3;3;5;4;4;2;4;4;6;2;6;6;6;5;2;6;7
989;7;7;7;4;2;6;1;2;1;4;4;4;1;3;3;2;3;4;4;2;2;1;4;4;2;4;4;7;6;6;7;7;7;3;5;7
990;2;3;5;1;1;3;2;6;6;3;4;4;2;3;2;2;1;1;4;4;1;2;4;4;3;4;4;1;1;5;5;7;2;1;3;7
991;4;5;5;4;6;6;4;6;4;4;4;4;2;4;2;4;4;4;4;4;3;4;4;1;2;1;4;7;7;7;5;6;6;6;1;7
992;7;7;7;4;4;7;4;7;7;3;4;4;3;3;4;4;3;3;4;4;1;3;4;4;2;4;4;7;7;7;7;7;7;1;7;7
993;7;7;7;7;4;7;4;7;7;3;4;4;3;4;4;4;3;3;3;3;1;2;4;4;3;4;4;7;7;7;5;7;7;1;7;7
994;5;7;7;5;5;7;5;7;5;3;4;4;2;4;4;2;1;4;4;4;1;5;3;3;4;4;4;7;7;7;7;7;7;1;7;7
995;7;7;7;7;7;7;2;7;7;4;4;4;4;4;4;1;1;3;4;4;1;5;2;4;4;3;4;7;7;7;7;7;7;1;7;7
996;7;6;7;6;6;7;6;5;4;4;1;1;1;3;3;2;3;3;2;2;2;4;4;3;4;4;4;7;4;7;7;7;4;7;7;7
997;7;7;7;5;3;4;3;4;3;3;3;3;3;4;3;3;3;4;3;3;2;3;4;3;4;2;4;6;7;6;6;6;4;4;4;7
998;6;7;7;5;4;6;4;4;4;4;9;3;1;4;9;3;3;4;3;3;3;4;4;4;4;3;4;7;4;6;6;6;6;6;7;7
999;6;7;7;4;4;5;4;4;4;4;9;9;3;4;3;2;2;4;3;4;1;2;4;3;4;3;3;7;6;6;6;5;4;4;4;7;2
1000;6;6;6;5;5;5;5;6;5;3;3;2;2;3;3;3;3;3;3;3;3;3;4;4;4;4;4;6;7;7;5;5;6;6;7;7
1001;5;6;6;5;3;4;4;3;3;3;9;3;2;2;3;2;2;3;4;3;1;3;4;3;2;4;4;5;5;5;5;5;5;5;5;7
1002;6;7;7;5;5;5;6;6;4;3;3;2;1;4;4;4;4;4;4;3;3;2;4;4;4;4;4;6;6;6;5;5;5;6;6;7
1003;6;3;2;3;5;2;4;1;2;4;4;4;1;4;4;3;3;3;3;3;2;2;4;4;4;4;4;7;5;6;5;7;4;6;1;7
1004;4;4;4;4;4;4;4;4;4;3;2;2;2;2;2;2;9;9;3;9;2;2;4;4;4;4;4;7;7;7;7;7;7;7;7;7
1005;4;4;4;4;4;4;4;4;4;3;2;3;3;3;3;3;3;3;3;3;2;1;4;4;4;4;4;4;3;4;5;4;3;5;4;3
1006;6;7;6;4;4;4;4;5;5;2;2;3;2;4;4;3;3;4;4;4;4;2;4;4;3;3;4;6;5;5;5;5;4;3;4;7
1007;4;7;7;6;4;6;4;5;4;4;2;2;2;9;9;2;9;3;4;4;3;3;4;4;4;4;4;7;2;7;7;4;5;9;7;7
1008;1;7;7;1;4;4;4;6;5;3;1;4;1;4;4;4;4;4;4;4;2;2;4;4;3;4;4;7;5;5;3;3;2;6;5;7
1009;4;9;7;7;9;7;3;2;4;4;1;2;3;3;3;3;4;4;3;3;7;4;4;4;4;4;4;7;5;7;7;7;6;6;9;7
1010;7;7;6;6;5;7;3;7;5;1;1;1;2;2;2;2;2;2;2;1;1;4;4;2;4;2;2;5;6;7;7;7;7;7;7;7
1011;4;6;7;4;1;6;4;4;4;4;2;4;3;4;3;3;3;4;4;3;3;2;4;4;4;4;4;7;7;7;7;7;4;1;1;7
1012;5;7;6;3;2;3;2;5;5;3;3;4;1;4;4;4;4;4;4;4;7;4;4;4;4;4;4;7;7;7;5;4;7;5;7;7
1013;6;5;4;5;5;4;4;5;5;3;3;3;4;4;4;4;4;3;4;3;2;4;3;3;4;4;4;6;6;5;6;5;6;5;6;6
1014;5;4;5;4;5;4;4;5;4;4;3;4;4;4;4;4;4;4;4;4;3;5;4;3;4;4;4;6;6;6;5;6;4;4;5;6
1015;5;6;6;5;6;5;6;6;6;3;3;3;3;3;3;3;3;3;3;3;4;5;4;4;4;4;4;6;6;6;6;6;5;6;5;6
1016;6;5;6;3;4;3;4;5;4;4;4;4;0;2;3;3;3;3;3;3;3;5;4;4;4;1;4;7;7;6;6;6;1;7;6;7
1017;7;7;7;7;7;7;7;7;7;4;4;4;1;1;2;2;3;3;3;4;1;4;3;3;2;3;4;7;7;7;7;7;7;7;4;4
1018;6;6;5;6;5;6;5;6;5;4;4;4;1;2;3;1;3;4;4;4;2;4;4;4;1;1;1;7;7;6;6;6;7;6;6;7
1019;5;4;5;3;6;4;5;4;5;3;3;2;2;2;3;2;2;3;2;3;1;5;4;3;3;4;4;6;6;6;6;6;4;4;5;5
1020;5;5;6;4;4;5;4;5;4;4;3;4;4;4;4;4;4;4;4;4;4;5;4;3;3;4;4;7;5;6;6;5;4;1;1;7
1021;4;6;6;2;3;4;5;5;4;4;4;4;1;4;3;4;3;4;4;4;2;1;4;4;4;4;4;7;5;5;5;7;7;3;4;7
1022;4;7;7;1;6;6;3;7;5;4;4;4;2;3;2;4;3;4;4;4;1;2;4;4;1;4;4;5;4;4;4;7;7;3;6;6
1023;4;7;5;3;1;3;4;4;4;2;2;2;1;1;2;3;3;4;2;1;1;5;4;4;2;4;4;7;7;7;7;7;7;1;7;7
1024;5;4;7;5;5;6;3;5;6;4;4;9;1;3;2;1;2;3;3;3;3;5;3;3;2;4;4;6;7;6;6;7;4;5;6;7
1025;7;7;7;4;7;5;4;7;6;4;4;9;1;1;4;4;4;4;4;4;3;4;4;4;2;4;4;7;4;7;5;7;4;4;5;7
1026;3;7;5;4;4;4;4;6;6;4;3;3;2;1;3;2;2;3;3;1;1;5;2;2;2;4;4;7;6;7;7;6;6;1;7;7
1027;6;7;5;6;5;4;5;6;5;4;4;4;1;1;1;1;2;2;3;3;4;5;1;1;4;1;3;6;6;6;6;6;5;6;6;6
1028;3;6;4;5;3;5;4;5;4;3;4;3;2;4;4;4;4;4;4;4;4;5;4;4;4;4;4;5;5;4;4;5;4;5;4;5
1029;6;7;6;6;4;5;4;6;6;4;3;3;1;2;3;3;3;4;3;1;1;4;4;1;4;1;4;7;6;7;7;7;3;1;7;7
1030;7;7;7;7;5;7;6;7;7;2;2;3;1;1;2;2;2;3;2;1;2;3;3;3;2;3;3;7;7;7;7;7;5;1;7;7
1031;2;5;6;3;4;6;5;7;5;4;4;4;3;3;3;3;3;3;3;3;3;2;4;4;4;4;4;7;4;5;6;6;5;3;5;7
1032;3;7;7;3;4;6;6;5;5;4;4;4;3;3;3;3;3;3;3;3;3;1;4;4;4;4;4;7;4;5;5;7;7;2;2;7
1033;5;4;6;7;5;6;5;6;7;9;2;3;3;3;3;3;3;3;3;3;9;4;4;4;2;1;4;7;7;7;7;7;7;7;7;7
1034;3;7;7;1;1;9;1;7;5;4;4;4;4;4;4;4;4;4;4;4;7;1;4;4;1;4;4;5;9;9;9;9;7;1;9;6
1035;5;4;7;1;1;2;4;3;9;9;9;4;1;9;9;2;2;9;9;9;2;1;3;2;4;3;3;7;7;6;9;7;6;9;7;7
1036;6;4;6;7;5;6;4;5;4;4;3;3;3;2;4;3;2;1;3;3;2;1;3;4;1;3;2;5;5;7;5;6;7;5;5;4
1037;5;2;6;7;5;4;3;2;5;2;3;3;3;2;4;3;4;9;3;2;2;3;3;1;3;4;3;3;6;2;3;2;6;5;6;7
1038;5;2;3;2;6;4;2;4;2;3;4;2;3;2;4;3;3;2;3;2;6;2;4;3;2;3;4;4;2;6;5;5;4;3;2;5
1039;5;3;4;4;4;4;4;6;6;4;4;4;3;3;3;3;3;3;3;3;3;2;9;9;9;9;9;5;5;5;5;5;5;5;5;5
1040;5;7;7;4;4;7;1;7;7;4;4;4;3;4;3;3;3;3;3;4;6;4;4;4;2;3;4;7;7;7;5;5;7;6;7;7
1041;5;7;7;5;4;7;1;7;7;4;4;4;2;4;4;2;3;2;4;4;2;1;4;4;4;4;4;7;7;6;7;6;7;7;7;7
1042;4;7;7;1;1;4;1;6;3;3;3;3;4;4;4;4;4;4;4;4;7;3;4;4;4;4;4;7;7;9;7;7;5;1;7;7
1043;5;7;7;5;4;7;1;7;7;4;4;4;3;4;3;3;3;3;3;4;6;4;4;4;4;4;4;7;7;7;5;5;7;5;7;7
1044;7;7;7;7;9;7;9;7;7;4;3;4;4;9;9;9;9;4;9;9;2;2;4;4;4;4;4;7;7;7;7;7;7;7;7;7
1045;7;7;7;5;5;7;4;7;7;4;4;4;2;4;3;2;1;2;3;4;2;5;4;1;1;3;1;7;7;7;4;4;7;7;7;7
1046;6;6;7;4;1;5;1;6;4;4;4;4;4;4;4;9;9;3;2;2;4;4;4;4;4;4;4;7;7;7;5;7;5;3;7;7
1047;6;7;7;5;4;7;1;7;7;4;4;4;2;4;3;2;3;3;4;4;2;5;4;3;1;4;4;7;7;6;5;4;7;7;7;7
1048;5;6;6;7;5;4;3;4;4;3;3;4;2;3;2;2;1;4;3;1;4;5;3;4;4;3;1;5;5;6;5;6;4;4;5;7
1049;3;7;6;6;3;4;1;7;4;3;4;0;1;2;2;3;2;2;2;2;1;1;4;3;3;1;9;6;6;6;5;6;4;5;5;7
1050;4;7;7;5;6;5;4;5;4;4;3;4;2;4;2;2;2;4;3;3;1;3;4;3;2;1;4;7;5;6;6;6;6;5;4;7
1051;6;6;6;2;3;3;4;5;5;3;3;3;4;4;4;4;4;4;4;4;7;4;3;3;3;3;3;7;7;7;6;6;5;5;6;6
1052;6;5;5;5;6;6;6;7;6;3;3;3;4;4;4;4;4;4;4;4;7;2;4;4;4;4;4;7;7;7;7;7;7;7;7;6
1053;5;6;6;4;3;6;7;7;7;3;3;3;2;3;4;4;4;4;4;4;7;3;4;4;4;4;4;7;7;7;7;6;6;6;6;6
1054;4;4;5;5;1;6;3;7;6;3;3;3;4;4;4;4;4;4;4;4;7;4;4;4;4;4;4;7;7;5;6;6;6;6;4;5
1055;6;9;0;0;9;5;9;0;6;9;4;4;9;4;4;4;9;0;4;0;6;2;4;3;4;4;4;7;7;6;5;7;9;9;9;6
1056;6;6;7;5;4;5;4;4;5;3;2;9;3;4;4;3;3;3;4;3;5;3;4;3;4;3;9;7;6;6;6;7;6;5;6;7
1057;5;6;5;4;5;6;6;5;6;3;2;2;2;3;2;3;4;3;2;3;2;3;4;4;4;3;4;7;6;5;6;6;5;6;7;6
1058;4;7;7;7;4;4;2;3;3;4;2;3;2;1;1;1;1;4;9;9;2;5;2;1;2;1;1;7;6;6;6;6;5;4;4;6
1059;4;7;7;6;6;4;3;3;3;4;3;4;1;1;1;1;1;4;3;1;4;4;3;2;2;2;2;6;6;6;6;6;5;4;4;7
1060;3;3;2;1;1;3;1;5;1;9;1;4;3;2;3;3;4;4;4;4;6;2;4;4;4;4;4;6;5;7;6;6;5;4;2;6
1061;4;4;3;2;4;5;3;5;2;2;1;1;2;3;3;4;3;4;4;4;4;2;4;3;4;3;4;6;6;7;7;7;7;2;5;7
1062;4;3;2;1;1;1;1;4;1;4;2;3;4;4;4;4;3;4;4;4;7;3;4;4;4;4;4;6;6;7;7;7;7;1;3;5
1063;2;2;1;1;1;1;1;2;2;3;9;4;4;4;4;4;4;4;4;4;7;3;4;4;4;4;4;5;5;5;5;5;5;5;5;6
1064;2;3;4;3;1;4;5;4;4;2;2;9;3;3;4;3;3;2;3;4;7;4;4;4;4;4;4;6;5;7;7;7;3;4;1;5
1065;2;3;1;2;1;2;3;3;2;4;2;3;2;3;2;3;3;4;4;4;7;4;4;4;4;4;4;5;4;7;6;6;7;2;3;4
1066;3;1;2;1;1;5;4;4;4;3;1;2;4;4;3;4;3;4;3;3;7;3;4;4;4;4;4;5;5;7;7;6;3;5;2;6
1067;1;1;1;1;1;2;9;6;1;4;3;3;4;4;4;4;4;4;4;4;7;4;4;4;4;4;4;6;7;5;7;6;5;2;1;5
1068;5;5;5;5;5;4;4;5;5;4;4;4;4;4;4;4;4;4;4;4;2;3;4;4;4;4;4;6;5;6;6;7;6;5;6;7
1069;6;7;7;6;4;5;5;5;4;3;3;4;1;4;4;4;3;4;4;4;2;1;4;4;4;4;4;7;7;3;3;3;2;6;6;6
1070;7;7;7;5;4;4;4;7;7;4;3;3;1;3;4;3;4;3;4;3;4;2;4;3;4;2;4;7;4;4;4;4;7;4;4;7
1072;7;6;4;5;4;4;3;7;7;4;4;3;3;4;4;3;3;3;3;9;2;2;4;3;4;1;0;6;6;6;6;6;7;4;6;7
1073;6;7;7;3;3;4;4;6;4;3;3;3;2;3;3;3;9;0;0;9;4;3;4;2;3;3;9;6;5;4;5;6;5;6;6;7
1074;4;6;6;5;2;4;2;6;4;3;3;2;2;4;4;4;3;4;4;4;3;3;4;4;4;3;4;7;6;6;7;7;4;4;4;7
1075;2;7;7;1;1;5;1;6;2;4;4;4;4;4;4;4;4;4;3;3;6;4;4;4;4;2;4;7;7;7;0;9;0;0;9;7
1076;6;7;5;5;9;5;1;7;5;4;9;2;2;9;9;2;2;3;9;4;6;4;4;4;4;3;9;7;5;5;6;5;7;7;1;7
1077;6;7;7;6;5;6;6;6;6;4;4;4;4;3;4;4;4;3;4;4;3;2;4;4;4;4;4;7;7;7;7;7;6;6;7;7
1078;7;7;7;7;7;7;7;7;7;4;4;4;3;3;3;3;3;3;3;3;2;4;4;4;4;4;4;7;7;7;7;7;5;7;7;7
1079;5;6;6;4;3;4;4;4;3;3;2;3;2;3;4;4;3;4;4;4;6;3;4;4;4;4;4;7;7;7;6;7;6;5;4;6
1080;6;7;6;5;4;6;5;5;4;4;3;4;2;3;4;4;4;4;3;4;3;1;3;3;4;3;4;7;7;7;7;7;7;5;4;7
1081;5;6;6;5;4;5;4;5;4;4;2;3;3;3;4;4;3;4;4;3;5;3;4;4;4;4;4;7;7;7;7;7;7;6;6;6
1082;6;6;6;5;5;5;4;5;4;4;3;3;2;4;3;3;3;4;4;2;5;2;4;4;4;4;4;7;6;7;7;7;7;6;5;6
1083;4;5;6;5;3;4;3;5;4;4;2;3;2;3;4;3;3;4;3;2;4;3;4;4;4;4;4;7;7;7;6;7;7;5;4;7
1084;6;7;6;5;3;5;3;6;5;9;9;9;3;3;3;3;3;4;3;3;1;2;4;4;4;2;4;7;6;7;6;7;7;5;4;6
1085;4;6;5;5;4;5;5;5;4;4;1;2;2;1;4;4;3;4;3;2;2;4;4;4;4;3;3;7;7;7;7;7;7;5;6;6
1086;6;7;7;7;4;6;4;4;3;4;2;2;2;3;4;4;2;2;4;4;2;3;4;3;4;2;4;7;7;7;7;6;7;6;5;7
1087;5;7;7;5;4;6;3;3;4;4;4;4;2;3;2;3;3;4;4;4;2;3;4;4;2;4;0;4;5;4;6;4;6;3;7;7
1088;4;7;7;4;5;6;4;7;7;3;3;4;2;3;2;2;3;3;3;3;1;2;4;4;4;4;4;7;7;7;6;5;4;4;7;7
1089;5;6;7;6;3;5;4;5;5;4;3;4;1;3;2;2;3;3;3;3;1;5;4;4;4;4;4;5;7;6;5;7;5;6;6;6
1090;5;0;0;2;1;5;2;5;9;3;3;3;3;4;2;2;2;3;4;4;2;3;4;4;4;4;4;6;4;9;6;6;5;9;2;6
1091;7;7;7;6;5;6;6;6;5;3;3;4;4;3;4;3;3;4;4;4;2;2;4;3;3;4;4;7;7;7;7;7;0;0;9;7
1092;6;6;6;6;6;6;6;6;5;3;3;3;3;3;3;3;3;4;4;4;1;1;3;3;3;4;4;7;7;7;7;7;5;6;5;7
1093;7;7;7;6;5;6;6;6;4;3;3;3;4;4;4;4;3;4;3;4;1;2;4;3;4;4;4;7;7;7;7;7;9;5;9;7
1094;7;6;7;5;4;5;3;7;5;4;3;3;3;3;3;2;3;3;4;3;3;2;4;4;2;3;2;6;6;6;5;6;6;2;4;7
1095;7;7;7;6;4;6;4;7;6;4;3;3;2;3;3;3;3;2;3;3;2;3;4;4;2;3;3;6;6;6;6;6;7;4;4;7
1096;7;7;7;7;4;6;6;7;6;3;4;4;1;3;2;3;4;4;4;4;1;2;4;4;2;4;4;7;7;6;6;6;6;2;3;7
1097;6;7;7;7;2;7;3;7;6;4;4;4;2;4;3;2;3;4;3;3;2;4;4;4;1;3;3;7;7;7;9;5;7;1;2;6
1098;6;6;6;7;2;6;4;5;5;9;9;2;4;4;4;3;3;4;4;3;2;3;4;4;3;3;4;6;5;7;7;6;5;1;6;1
1099;7;4;6;5;1;7;4;6;2;3;2;4;2;4;4;2;3;4;4;4;1;2;4;4;1;4;4;7;5;7;7;5;7;9;5;7
1100;3;3;3;3;3;3;3;3;3;3;3;3;3;3;3;3;3;3;3;3;1;1;4;4;3;4;4;5;5;5;5;5;5;2;5;6
1101;3;3;3;3;3;3;3;3;3;9;9;9;3;3;3;3;3;3;3;3;1;2;4;4;4;4;4;5;5;5;5;5;5;2;5;6
1102;3;3;3;4;4;4;3;3;3;3;3;3;2;3;3;3;3;3;3;3;1;2;4;4;4;4;4;5;5;5;5;5;5;2;5;6
1103;3;3;3;5;5;5;4;3;3;2;3;3;1;3;3;3;3;3;4;3;1;2;4;3;4;4;4;5;5;5;5;5;5;2;3;6
1104;7;7;5;5;1;3;3;1;1;4;1;4;1;2;2;2;2;3;3;2;2;3;4;3;4;4;4;7;7;7;5;5;5;3;7;0
1105;7;7;7;7;1;6;5;5;5;4;2;4;2;1;2;3;2;4;4;4;1;3;4;3;2;3;3;7;5;7;5;7;1;1;7;7
1106;5;4;5;5;5;6;5;6;5;3;4;3;2;3;1;2;2;3;2;1;3;2;4;4;4;3;3;6;6;5;4;3;4;3;6;5
1107;7;7;6;7;5;6;4;5;5;3;3;4;3;1;3;3;2;3;2;3;2;2;4;3;4;3;3;7;6;6;6;7;6;4;6;7
1108;5;7;7;4;5;6;5;6;4;3;4;4;3;4;4;2;2;2;3;4;2;1;3;3;4;3;3;6;7;6;6;7;7;6;4;7
1109;5;6;6;4;5;5;4;5;4;3;4;3;4;4;3;2;2;3;3;4;3;2;3;3;2;2;4;7;6;5;6;6;7;4;5;7
1110;6;7;7;4;4;6;5;7;7;3;4;3;1;3;3;3;2;3;4;4;4;5;4;4;1;4;4;7;7;6;7;5;6;4;5;7
1111;5;7;7;4;3;5;3;6;6;2;3;3;3;3;3;4;3;4;4;4;6;5;4;4;2;1;4;7;5;6;6;6;5;5;5;7
1112;7;7;7;5;5;6;4;7;7;3;2;2;2;4;4;4;3;2;3;4;3;4;4;4;2;1;4;7;6;6;6;6;7;5;9;7
1113;5;7;7;4;2;5;4;7;7;4;4;4;2;4;4;4;3;1;4;4;4;4;4;4;1;4;4;7;7;6;6;5;6;5;7;7
1114;7;7;7;6;5;4;5;5;6;9;9;9;1;0;0;3;2;3;2;3;2;3;0;3;0;0;4;7;6;4;5;4;4;5;5;6
1115;6;7;5;4;4;5;3;5;4;3;3;3;2;0;0;0;3;3;3;3;2;3;4;4;4;3;0;7;6;6;4;5;4;5;5;4
1116;6;7;5;4;5;5;4;5;4;4;4;4;2;9;0;0;3;0;3;4;1;3;0;0;4;3;3;7;6;7;5;5;4;5;5;7
1117;6;7;5;6;5;4;5;4;6;4;4;4;2;3;4;4;2;0;3;3;1;2;0;3;0;0;4;7;5;6;4;5;4;4;5;6
1118;6;5;6;3;4;5;4;6;0;4;3;4;2;3;3;9;2;0;3;4;1;2;4;4;0;3;0;7;6;5;4;5;7;4;4;6
1119;6;5;4;4;5;3;4;5;5;4;4;4;2;9;9;4;3;0;0;4;6;3;4;3;0;0;0;7;6;5;5;4;4;5;4;6
1120;5;4;6;3;4;5;4;3;4;4;3;4;2;3;2;4;3;2;3;4;2;2;4;3;4;3;4;7;5;3;4;0;6;4;5;7
1121;6;4;5;3;5;4;4;3;9;3;3;3;2;3;3;3;2;3;3;4;2;2;4;9;9;3;0;7;5;4;3;4;5;4;4;4
1122;7;5;5;6;4;4;5;5;5;3;3;3;4;4;4;4;4;4;4;4;2;2;4;4;4;4;4;6;7;6;7;6;7;5;6;6
1123;5;6;7;7;6;6;6;6;6;2;2;2;4;4;4;4;4;4;4;4;3;1;4;4;4;4;4;7;6;7;6;7;7;5;6;6
1124;7;5;5;5;5;6;6;6;6;2;2;3;4;4;4;4;4;4;4;4;4;1;4;4;4;4;4;7;6;6;6;7;7;7;5;5
1125;6;5;5;5;2;3;4;4;5;2;2;2;4;4;4;4;4;4;4;4;7;1;4;4;4;4;4;7;7;7;7;7;7;7;3;7
1126;5;6;7;5;5;6;6;5;5;3;3;3;4;4;4;4;4;4;4;4;2;1;4;4;4;4;4;7;5;7;7;6;7;7;7;7
1127;7;6;4;4;4;5;5;6;6;4;4;4;4;4;4;4;4;4;4;4;4;1;4;4;4;4;4;7;6;6;7;7;7;7;7;5
1128;6;7;7;4;4;5;2;4;4;4;4;4;4;4;4;4;4;4;4;4;2;1;4;4;4;4;4;7;6;6;4;4;5;6;4;4
1129;7;5;4;6;4;5;5;7;7;3;3;3;4;4;4;4;4;4;4;4;2;1;4;4;4;4;4;6;6;7;4;4;5;5;5;5
1130;4;5;5;3;1;3;1;3;3;4;3;4;2;3;2;3;3;2;3;2;2;4;4;4;3;3;4;6;2;6;4;4;3;3;4;6
1131;7;7;7;4;4;5;6;6;6;3;3;3;3;4;3;3;3;4;4;4;3;3;4;4;4;4;4;7;7;6;6;6;6;6;6;6
1132;5;5;4;4;3;4;5;3;3;2;2;2;3;3;4;4;3;3;3;3;1;4;4;4;4;1;4;4;3;3;3;3;4;5;5;5
1133;2;7;7;1;1;7;1;5;4;4;4;4;4;4;4;4;4;4;4;4;5;1;4;2;2;3;4;2;2;3;3;4;4;3;3;3
1134;6;5;5;4;3;4;4;5;4;1;3;2;1;3;1;3;3;3;2;2;4;4;4;4;2;4;4;7;6;5;6;6;3;3;3;6
1135;6;6;7;7;5;6;5;6;5;2;2;1;3;3;2;4;4;3;3;2;5;3;3;3;4;4;4;6;6;6;6;6;6;6;6;6
1136;6;7;5;4;6;5;4;5;4;2;3;2;3;3;3;3;4;4;3;3;6;3;4;3;4;4;3;7;6;5;6;5;6;6;3;6
1137;7;7;7;5;7;6;7;6;2;2;1;2;2;2;2;3;3;2;1;3;3;3;2;4;3;3;6;7;6;5;6;6;3;1;6;0
1138;6;5;4;4;4;4;4;4;5;3;2;4;3;3;2;3;3;4;4;3;6;3;4;4;4;4;4;6;6;6;5;7;3;5;4;7
1139;3;6;7;2;3;5;4;5;4;3;1;3;3;3;3;3;3;3;3;3;6;3;4;4;4;4;4;5;5;4;5;5;4;4;4;4
1140;5;7;6;4;5;7;6;6;4;3;1;2;3;3;4;4;3;4;3;2;5;4;4;2;3;2;2;7;6;6;7;4;4;9;4;7
1141;5;5;5;5;5;5;6;5;5;2;3;4;1;2;2;3;3;4;4;3;6;3;4;4;3;3;3;7;7;7;3;3;2;5;2;7
1142;7;7;7;7;7;7;7;7;7;2;2;2;4;4;4;4;4;4;4;4;3;4;4;4;4;4;4;7;7;7;7;7;7;7;7;7
1143;4;6;6;7;1;4;4;4;2;9;9;9;2;3;2;4;4;4;4;4;4;3;4;4;4;4;4;7;7;7;7;7;7;7;7;7
1144;1;1;1;1;1;1;1;1;1;4;4;4;2;4;2;3;2;4;4;2;1;4;4;3;3;3;3;4;5;5;5;7;7;7;7;7
1145;5;6;6;5;6;5;5;5;5;2;2;3;4;4;4;4;4;4;4;4;2;4;4;4;4;4;4;7;7;7;7;7;7;7;7;7
1146;1;7;7;2;2;6;5;6;5;4;4;4;3;3;3;3;3;3;3;3;2;1;4;4;4;4;4;6;4;5;5;6;7;5;5;7
1147;3;6;7;3;4;4;6;7;5;4;4;4;3;3;3;3;3;4;3;3;3;1;4;4;4;4;4;7;3;4;5;7;7;3;4;7
1148;4;7;7;4;4;5;5;5;5;4;4;4;2;3;3;4;3;4;3;4;2;1;4;4;1;4;4;7;5;7;5;7;7;5;5;7
1149;3;6;6;4;4;4;5;5;5;4;4;4;2;3;3;3;3;3;3;3;3;2;4;4;4;4;4;7;4;5;4;7;7;5;5;7
1150;5;7;7;5;4;4;6;6;4;4;4;4;2;3;2;3;3;4;4;4;2;2;4;4;4;4;4;7;5;7;5;7;7;4;4;7
1151;5;7;7;3;2;5;4;5;4;4;4;4;2;3;3;4;3;4;4;4;2;1;4;4;4;4;4;7;5;4;5;7;7;3;4;7
1152;4;7;7;5;5;5;3;4;4;4;4;4;3;3;3;3;3;3;3;3;2;2;4;4;4;4;4;7;5;6;6;5;7;4;4;7
1153;4;7;7;3;2;4;1;4;4;4;4;4;3;3;3;3;3;3;3;3;2;2;4;4;4;4;4;7;5;5;6;6;5;4;4;7
1154;7;7;7;7;4;5;7;7;4;1;3;3;1;4;3;4;3;4;3;3;1;1;3;4;2;4;4;7;6;6;9;5;2;7;7;7
1155;7;7;7;4;4;3;4;7;6;1;3;4;1;4;4;3;3;4;4;4;2;2;3;3;4;4;4;7;7;6;7;7;7;4;6;7
1156;7;6;7;6;9;7;6;7;5;2;2;2;1;3;3;3;3;3;4;4;1;1;4;4;2;4;3;7;7;3;4;7;3;6;7;7
1157;4;5;5;2;2;5;5;5;3;4;4;3;2;9;4;3;3;3;4;9;1;3;4;3;4;4;4;6;4;4;9;5;6;9;9;3

